text,alias,ipa,category,telnyx_naturalhd_verdict
atorvastatin,a-TOR-va-STAT-in,əˌtɔr.vəˈstæ.tɪn,drug,HELPS
Lipitor,LIP-i-tor,ˈlɪp.ɪ.tɔr,drug,HURTS
lisinopril,ly-SIN-oh-pril,laɪˈsɪ.nə.prɪl,drug,HELPS
metoprolol,me-TOE-pro-lol,məˈtoʊ.prə.lɔl,drug,HURTS
amlodipine,am-LOE-di-peen,æmˈloʊ.dɪˌpin,drug,WASH
losartan,loe-SAR-tan,loʊˈsɑr.tæn,drug,WASH
metoprolol succinate,met-oh-PROE-lol SUK-si-nate,mɛt.oʊˈproʊ.lɒl ˈsʌk.sɪ.neɪt,drug,UNMEASURED
metoprolol tartrate,met-oh-PROE-lol TAR-trate,mɛt.oʊˈproʊ.lɒl ˈtɑr.treɪt,drug,UNMEASURED
carvedilol,KAR-ve-dil-ol,ˈkɑr.vɛ.dɪl.ɔl,drug,UNMEASURED
valsartan,val-SAR-tan,vælˈsɑr.tæn,drug,WASH
enalapril,e-NAL-a-pril,ɪˈnæ.lə.prɪl,drug,WASH
ramipril,ra-MI-pril,ræˈmɪ.prɪl,drug,WASH
felodipine,fe-LOE-di-peen,fɪˈloʊ.dɪˌpin,drug,HURTS
nimodipine,ny-MOE-di-peen,naɪˈmoʊ.dɪˌpin,drug,HELPS
nicardipine,ny-KAR-di-peen,naɪˈkɑr.dɪˌpin,drug,HURTS
nitroglycerin,ny-tro-GLIS-er-in,ˌnaɪ.trəˈɡlɪ.sə.rɪn,drug,HURTS
hydralazine,hy-DRAL-a-zeen,haɪˈdræ.ləˌzin,drug,HELPS
clonidine,KLON-i-deen,ˈkloʊ.nɪˌdin,drug,HURTS
spironolactone,spir-oh-no-LAK-tone,ˌspaɪ.rə.noʊˈlæk.toʊn,drug,HURTS
furosemide,fur-OH-se-mide,fjʊˈroʊ.səˌmaɪd,drug,WASH
hydrochlorothiazide,hy-dro-KLOR-oh-THY-a-zide,ˌhaɪ.droʊˌklɔr.oʊˈθaɪ.əˌzaɪd,drug,WASH
triamterene,try-AM-ter-een,traɪˈæm.tərˌin,drug,HELPS
bumetanide,byoo-MET-a-nide,bjuˈmɛ.təˌnaɪd,drug,WASH
torsemide,TOR-se-mide,ˈtɔr.səˌmaɪd,drug,WASH
eplerenone,e-PLER-e-none,ɪˈplɛ.rɪˌnoʊn,drug,HELPS
diltiazem,dil-TY-a-zem,dɪlˈtaɪ.ə.zəm,drug,HURTS
verapamil,ver-AP-a-mil,vəˈræ.pə.mɪl,drug,WASH
nifedipine,ny-FED-i-peen,naɪˈfɛ.dɪˌpin,drug,HURTS
doxazosin,dox-AY-zoe-sin,dɒksˈeɪ.zoʊ.sɪn,drug,UNMEASURED
terazosin,ter-AY-zoe-sin,tɛrˈeɪ.zoʊ.sɪn,drug,UNMEASURED
prazosin,PRAZ-oh-sin,ˈpræzəsɪn,drug,WASH
amiodarone,a-MEE-oh-da-rone,əˈmiː.oʊ.də.roʊn,drug,UNMEASURED
dronedarone,droe-NEH-da-rone,droʊˈnɛdəroʊn,drug,HURTS
sotalol,SOH-ta-lol,ˈsoʊtəlɔːl,drug,WASH
propafenone,proe-pa-FEEN-one,proʊ.pəˈfiːn.oʊn,drug,UNMEASURED
flecainide,FLEH-ka-nide,ˈflɛkənaɪd,drug,HURTS
mexiletine,mex-IL-eh-teen,mɛkˈsɪlətiːn,drug,HURTS
isosorbide dinitrate,eye-soe-SOR-bide dye-NYE-trate,ˌaɪ.soʊˈsɔr.baɪd daɪˈnaɪ.treɪt,drug,UNMEASURED
isosorbide mononitrate,eye-soe-SOR-bide mon-oh-NYE-trate,ˌaɪ.soʊˈsɔr.baɪd ˌmɒn.oʊˈnaɪ.treɪt,drug,UNMEASURED
warfarin,WAR-far-in,ˈwɔr.fər.ɪn,drug,UNMEASURED
rivaroxaban,riv-a-ROX-a-ban,ˌrɪvəˈrɒksəbæn,drug,HURTS
apixaban,a-PIX-a-ban,əˈpɪksəbæn,drug,HELPS
dabigatran,da-bi-GAT-ran,də.bɪˈɡæt.ræn,drug,UNMEASURED
clopidogrel,kloh-PID-oh-grel,kloʊˈpɪdəɡrɛl,drug,HELPS
prasugrel,PRA-soo-grel,ˈpræsʊɡrɛl,drug,WASH
ticagrelor,tye-KA-grel-or,taɪˈkæ.ɡrɛl.ɔr,drug,UNMEASURED
ezetimibe,eh-ZET-i-mibe,ɪˈzɛtəmaɪb,drug,WASH
fenofibrate,fen-oh-FYE-brate,ˌfɛnoʊˈfaɪbreɪt,drug,HELPS
gemfibrozil,jem-FI-broe-zil,dʒɛmˈfaɪ.broʊ.zɪl,drug,UNMEASURED
niacin,NYE-a-sin,ˈnaɪəsɪn,drug,HURTS
colesevelam,koh-leh-SEV-eh-lam,koʊləˈsɛvəlæm,drug,WASH
simvastatin,SIM-va-STAT-in,ˈsɪm.və.ˈstæt.ɪn,drug,UNMEASURED
rosuvastatin,roh-soo-va-STAT-in,ˌroʊsuˈvæstətɪn,drug,WASH
pravastatin,PRAV-va-STAT-in,ˈprævəstætɪn,drug,HELPS
fluvastatin,FLOO-va-STAT-in,fluːˈvæstətɪn,drug,HURTS
pitavastatin,pit-a-va-STAT-in,ˌpɪtəˈvæstətɪn,drug,WASH
alirocumab,al-i-ROK-oo-mab,æl.ɪˈrɒk.uː.mæb,drug,UNMEASURED
evolocumab,e-VOE-lok-oo-mab,ɛˈvoʊ.lɒk.uː.mæb,drug,UNMEASURED
metformin,met-FOR-min,mɛtˈfɔːrmɪn,drug,WASH
glipizide,GLIP-i-zide,ˈɡlɪpəzaɪd,drug,WASH
glyburide,GLY-bur-ide,ˈɡlaɪbjʊˌraɪd,drug,HURTS
pioglitazone,py-oh-GLIT-ah-zone,ˌpaɪoʊɡlɪˈtæzoʊn,drug,WASH
sitagliptin,sit-ah-GLIP-tin,ˌsɪtəˈɡlɪptɪn,drug,HELPS
linagliptin,lin-ah-GLIP-tin,ˌlɪnəˈɡlɪptɪn,drug,HURTS
saxagliptin,SAX-a-GLIP-tin,sæksˈæ.ɡlɪp.tɪn,drug,UNMEASURED
alogliptin,al-oh-GLIP-tin,ˌæloʊˈɡlɪptɪn,drug,WASH
empagliflozin,em-pah-gli-FLOH-zin,ˌɛmpəɡlɪˈfloʊzɪn,drug,HELPS
canagliflozin,kan-ah-gli-FLOH-zin,ˌkænəɡlɪˈfloʊzɪn,drug,HELPS
dapagliflozin,dap-ah-gli-FLOH-zin,ˌdæpəɡlɪˈfloʊzɪn,drug,HURTS
semaglutide,sem-ah-GLOO-tide,ˌsɛməˈɡluːtaɪd,drug,HELPS
liraglutide,lir-ah-GLOO-tide,ˌlɪrəˈɡluːtaɪd,drug,HELPS
exenatide,ex-EN-ah-tide,ɛɡˈzɛnətaɪd,drug,WASH
dulaglutide,doo-lah-GLOO-tide,ˌduːləˈɡluːtaɪd,drug,WASH
tirzepatide,teer-ZEP-ah-tide,tɪrˈzɛpətaɪd,drug,HURTS
insulin glargine,IN-suh-lin GLAR-jeen,ˈɪnsəlɪn ˈɡlɑːrdʒiːn,drug,HURTS
insulin lispro,IN-suh-lin-LYE-sproe,ˈɪn.sə.lɪnˈlaɪ.sproʊ,drug,UNMEASURED
insulin aspart,IN-suh-lin AS-part,ˈɪnsəlɪn ˈæspɑːrt,drug,HELPS
insulin detemir,IN-suh-lin DET-uh-meer,ˈɪnsəlɪn dəˈtiːmɪr,drug,HELPS
insulin degludec,IN-suh-lin deh-GLOO-dek,ˈɪnsəlɪn dɛˈɡluːdɛk,drug,WASH
acarbose,AY-kar-bose,ˈækɑːrboʊs,drug,WASH
miglitol,MIG-li-tol,ˈmɪɡlɪtɔːl,drug,HELPS
repaglinide,reh-PAG-li-nide,ˌrɛpəˈɡlaɪnaɪd,drug,WASH
nateglinide,nuh-TAY-gli-nide,nəˈteɪ.ɡlɪ.naɪd,drug,UNMEASURED
amoxicillin,a-MOX-i-SIL-in,əˈmɒks.ɪˈsɪl.ɪn,drug,UNMEASURED
amoxicillin clavulanate,a-MOX-i-SIL-in klav-yoo-LAN-ate,əˈmɒks.ɪˈsɪl.ɪn klæv.juːˈlæn.eɪt,drug,UNMEASURED
azithromycin,az-ITH-roe-MY-sin,æzˈɪθ.roʊˈmaɪ.sɪn,drug,UNMEASURED
cephalexin,sef-ah-LEX-in,ˌsɛfəˈlɛksɪn,drug,WASH
ciprofloxacin,sip-roh-FLOX-ah-sin,ˌsaɪproʊˈflɑːksəsɪn,drug,HURTS
clindamycin,klin-dah-MY-sin,ˌklɪndəˈmaɪsɪn,drug,HELPS
doxycycline,dok-see-SY-kleen,ˌdɑːksiˈsaɪkliːn,drug,HURTS
metronidazole,me-tro-NI-da-zole,ˌmɛtrəˈnaɪdəzoʊl,drug,WASH
sulfamethoxazole trimethoprim,sul-fa-meth-OX-a-zole try-METH-oh-prim,ˌsʌl.fə.mɛθˈɒk.sə.zoʊl traɪˈmɛθ.ə.prɪm,drug,WASH
nitrofurantoin,nye-troe-fyoor-AN-toyn,ˌnaɪ.troʊ.fjʊˈræn.toɪn,drug,UNMEASURED
penicillin,pen-i-SIL-in,ˌpɛn.ɪˈsɪl.ɪn,drug,HURTS
vancomycin,van-ko-MY-sin,væŋˈkoʊmaɪsɪn,drug,WASH
levofloxacin,lee-vo-FLOX-a-sin,ˌlɛvoʊˈflɑksəsɪn,drug,WASH
moxifloxacin,mox-i-FLOX-a-sin,ˌmɑksɪˈflɑksəsɪn,drug,WASH
cefdinir,SEF-di-ner,ˈsɛfdɪnɪr,drug,WASH
cefaclor,SEF-a-klor,ˈsɛfəklɔr,drug,WASH
cefuroxime,se-fyoor-OX-eem,ˌsɛfjʊˈrɑksiːm,drug,HELPS
ceftriaxone,sef-try-AX-one,ˌsɛftraɪˈæksoʊn,drug,HURTS
cefepime,SEF-e-peem,ˈsɛfəpiːm,drug,HELPS
meropenem,mer-oh-PEN-em,məˈrɑpənɛm,drug,HURTS
ertapenem,er-ta-PEN-em,ˌɛrtəˈpiːnɛm,drug,HELPS
imipenem,i-mi-PEN-em,ˌɪmɪˈpiːnɛm,drug,HURTS
piperacillin tazobactam,pi-PER-a-sil-in ta-zo-BAK-tam,ˌpɪpəˈræsɪlɪn ˌtæzoʊˈbæktəm,drug,WASH
gentamicin,jen-ta-MY-sin,ˌdʒɛntəˈmaɪsɪn,drug,HELPS
tobramycin,toe-bra-MY-sin,ˌtoʊbrəˈmaɪsɪn,drug,WASH
amikacin,am-i-KAY-sin,ˌæmɪˈkeɪsɪn,drug,WASH
linezolid,li-NEZ-o-lid,lɪˈnɛzəlɪd,drug,HELPS
daptomycin,dap-toe-MY-sin,ˌdæptoʊˈmaɪsɪn,drug,WASH
tigecycline,tye-ge-SY-kleen,ˌtɪɡəˈsaɪkliːn,drug,HURTS
minocycline,mi-no-SY-kleen,ˌmɪnoʊˈsaɪkliːn,drug,HURTS
rifampin,RIF-am-pin,ˈrɪf.æm.pɪn,drug,UNMEASURED
isoniazid,eye-so-NY-a-zid,ˌaɪsoʊˈnaɪəzɪd,drug,WASH
pyrazinamide,py-ra-ZIN-a-mide,ˌpɪrəˈzɪnəmaɪd,drug,WASH
ethambutol,e-THAM-byoo-tol,ɛˈθæmbjətɔl,drug,HELPS
fluconazole,floo-KON-a-zole,fluˈkɑnəzoʊl,drug,HURTS
ketoconazole,kee-toe-KON-a-zole,ˌkiːtoʊˈkɑnəzoʊl,drug,WASH
itraconazole,i-tra-KON-a-zole,ˌɪtrəˈkɑnəzoʊl,drug,WASH
voriconazole,vor-ih-KON-uh-zole,ˌvɔrɪˈkɑnəzoʊl,drug,HURTS
posaconazole,poh-sah-KON-uh-zole,poʊsəˈkɑnəzoʊl,drug,WASH
acyclovir,ay-SY-kloh-veer,eɪˈsaɪkləvɪr,drug,HURTS
valacyclovir,val-ay-SY-kloh-veer,vəˈlæsɪkləvɪr,drug,HURTS
famciclovir,fam-SY-kloh-veer,fæmˈsaɪkləvɪr,drug,WASH
oseltamivir,oh-sel-TAM-ih-veer,ˌoʊsɛlˈtæmɪvɪr,drug,HELPS
ibuprofen,eye-BYOO-proe-fen,ˈaɪ.bjuːˈproʊ.fɛn,drug,UNMEASURED
naproxen,nah-PROK-sen,nəˈprɑksən,drug,HELPS
celecoxib,sel-eh-KOK-sib,səˈlɛksɪb,drug,WASH
meloxicam,mel-OK-sih-kam,məˈlɑksɪkæm,drug,HURTS
diclofenac,dye-KLOH-fen-ak,daɪˈkloʊfənæk,drug,HURTS
ketorolac,kee-toe-ROLE-ak,ˈkiː.toʊˈroʊl.æk,drug,UNMEASURED
indomethacin,in-doh-METH-ah-sin,ˌɪndoʊˈmɛθəsɪn,drug,HURTS
nabumetone,na-BYOO-meh-tone,nəˈbjumətoʊn,drug,WASH
etodolac,ee-toe-DOE-lak,ˈiː.toʊˈdoʊ.læk,drug,UNMEASURED
oxaprozin,ok-sah-PROH-zin,ˌɑksəˈproʊzɪn,drug,WASH
acetaminophen,a-SET-a-MEE-noe-fen,əˈsɛt.əˈmiː.noʊ.fɛn,drug,UNMEASURED
tramadol,TRAM-ah-dol,ˈtræmədɔl,drug,HURTS
gabapentin,GA-ba-PEN-tin,ˈɡæ.bəˈpɛn.tɪn,drug,UNMEASURED
pregabalin,pree-GAB-ah-lin,priˈɡæbəlɪn,drug,HELPS
duloxetine,doo-LOK-seh-teen,duˈlɑksətiːn,drug,WASH
amitriptyline,am-ee-TRIP-tih-leen,ˌæmɪˈtrɪptəliːn,drug,HURTS
nortriptyline,nor-TRIP-tih-leen,nɔrˈtrɪptəliːn,drug,HURTS
topiramate,toe-PYRE-a-mate,toʊˈpaɪr.ə.meɪt,drug,UNMEASURED
carbamazepine,kar-bah-MAZ-eh-peen,ˌkɑrbəˈmæzəpiːn,drug,WASH
oxcarbazepine,oks-kar-BAZ-eh-peen,ˌɑkskɑrˈbæzəpiːn,drug,HELPS
lamotrigine,lah-MOH-trih-jeen,ləˈmɑtrɪdʒiːn,drug,WASH
levetiracetam,lee-ve-TYE-ra-se-tam,ˈliː.vɛˈtaɪ.rə.sɛ.tæm,drug,UNMEASURED
phenytoin,FEN-i-toyn,ˈfɛn.ɪ.tɔɪn,drug,UNMEASURED
valproic acid,val-PROE-ik AS-id,vælˈproʊ.ɪk ˈæs.ɪd,drug,UNMEASURED
zonisamide,zoh-NIS-ah-mide,zoʊˈnɪsəmaɪd,drug,HELPS
lacosamide,lah-KOH-sah-mide,ləˈkoʊsəmaɪd,drug,HURTS
rufinamide,roo-FIN-ah-mide,ruˈfɪnəmaɪd,drug,HELPS
omeprazole,oh-MEP-rah-zole,oʊˈmɛprəzoʊl,drug,HURTS
pantoprazole,pan-TOH-prah-zole,pænˈtoʊprəzoʊl,drug,HELPS
esomeprazole,es-oh-MEP-rah-zole,ɛˈsoʊmɛprəzoʊl,drug,HURTS
lansoprazole,lan-SOH-prah-zole,lænˈsoʊprəzoʊl,drug,HELPS
rabeprazole,rah-BEP-rah-zole,rəˈbɛprəzoʊl,drug,HURTS
dexlansoprazole,deks-lan-SOH-prah-zole,dɛksˌlænˈsoʊprəzoʊl,drug,HELPS
famotidine,fam-OH-tih-deen,fəˈmoʊtɪdiːn,drug,WASH
ranitidine,ran-IH-tih-deen,rəˈnɪtɪdiːn,drug,HELPS
cimetidine,sy-MET-ih-deen,saɪˈmɛtɪdiːn,drug,HELPS
nizatidine,ny-ZAT-ih-deen,naɪˈzætɪdiːn,drug,WASH
aluminum hydroxide,ah-LOO-min-um hy-DROK-side,əˈluːmɪnəm haɪˈdrɒksaɪd,drug,HURTS
simethicone,sy-METH-ih-kone,saɪˈmɛθɪkoʊn,drug,WASH
ondansetron,on-DAN-seh-tron,ɒnˈdænsətrɒn,drug,HELPS
granisetron,gran-IS-eh-tron,grəˈnɪsətrɒn,drug,WASH
palonosetron,pal-oh-NOH-seh-tron,pəˌloʊnəˈsɛtrɒn,drug,HURTS
metoclopramide,met-oh-KLOE-PRA-mide,ˌmɛt.oʊˈkloʊ.prə.maɪd,drug,UNMEASURED
promethazine,proh-METH-ah-zeen,proʊˈmɛθəziːn,drug,HURTS
prochlorperazine,proh-klor-PER-ah-zeen,proʊˌklɔːrˈpɛrəziːn,drug,WASH
loperamide,loh-PER-ah-mide,loʊˈpɛrəmaɪd,drug,WASH
docusate,DOK-yoo-sate,ˈdɒk.juː.seɪt,drug,WASH
polyethylene glycol,pol-ee-ETH-ih-leen GLY-kol,ˌpɒliˈɛθɪliːn ˈɡlaɪkɒl,drug,HURTS
bisacodyl,bis-AK-oh-dil,baɪˈsækədɪl,drug,HURTS
senna,SEN-ah,ˈsɛnə,drug,HURTS
lactulose,LAK-tyoo-lose,ˈlæktjuːloʊs,drug,WASH
albuterol,al-BYOO-ter-ol,ælˈbjuː.tə.rɒl,drug,UNMEASURED
levalbuterol,lev-al-BYOO-ter-ol,ˌlɛv.ælˈbjuː.tə.rɒl,drug,UNMEASURED
ipratropium,ip-ra-TROH-pee-um,ˌɪprəˈtroʊpiəm,drug,HELPS
tiotropium,ty-oh-TROH-pee-um,ˌtaɪəˈtroʊpiəm,drug,HURTS
umeclidinium,yoo-meh-kli-DIN-ee-um,ˌjuːˌmɛklɪˈdɪniəm,drug,HURTS
glycopyrrolate,glye-koe-PYE-roe-late,ɡlaɪˈkoʊ.paɪˈroʊ.leɪt,drug,UNMEASURED
formoterol,for-MOH-ter-ol,fɔrˈmɑːtərɔːl,drug,WASH
salmeterol,sal-MEH-ter-ol,sælˈmiːtərɔːl,drug,WASH
indacaterol,in-da-KA-ter-ol,ˌɪndəˈkætərɔːl,drug,WASH
olodaterol,oh-loh-DA-ter-ol,ˌoʊloʊˈdætərɔːl,drug,HELPS
fluticasone,floo-TIK-a-sone,fluːˈtɪkəsoʊn,drug,WASH
budesonide,byoo-DEH-soh-nide,bjuːˈdɛsənaɪd,drug,HELPS
mometasone,moh-MEH-ta-sone,moʊˈmɛtəsoʊn,drug,WASH
ciclesonide,sye-KLES-oh-nide,saɪˈklɛs.oʊ.naɪd,drug,UNMEASURED
beclomethasone,beh-kloh-MEH-tha-sone,ˌbɛkloʊˈmɛθəsoʊn,drug,WASH
montelukast,mon-teh-LOO-kast,ˌmɑːntəˈluːkæst,drug,WASH
zafirlukast,za-FIR-loo-kast,zəˈfɪrluːkæst,drug,HELPS
zileuton,zy-LOO-ton,zaɪˈluːtɑːn,drug,HELPS
theophylline,thee-OFF-i-lin,ˌθiːəˈfɪliːn,drug,WASH
roflumilast,roh-FLOO-mi-last,roʊˈfluːmɪlæst,drug,HURTS
benralizumab,ben-ra-LIZ-oo-mab,bɛnˈrælɪzʊmæb,drug,HURTS
mepolizumab,meh-poh-LIZ-oo-mab,məˈpɑːlɪzʊmæb,drug,HURTS
reslizumab,rez-LIZ-oo-mab,rɛzˈlɪzʊmæb,drug,HURTS
dupilumab,doo-PIL-oo-mab,duːˈpɪljuːmæb,drug,WASH
omalizumab,oh-mah-LYE-zoo-mab,oʊ.məˈlaɪ.zuː.mæb,drug,UNMEASURED
sertraline,SER-tra-leen,ˈsɜːrtrəliːn,drug,WASH
fluoxetine,floo-OK-seh-teen,fluːˈɑːksətiːn,drug,WASH
escitalopram,es-sit-AL-oh-pram,ˌɛsɪˈtæləpræm,drug,HURTS
citalopram,sit-AL-oh-pram,sɪˈtæləpræm,drug,HURTS
paroxetine,pa-ROK-seh-teen,pəˈrɑːksətiːn,drug,HURTS
venlafaxine,VEN-la-FAK-seen,ˈvɛn.ləˈfæk.siːn,drug,UNMEASURED
desvenlafaxine,des-ven-la-FAK-seen,dɛzˈvɛnələˌfæksiːn,drug,HURTS
milnacipran,mil-NA-si-pran,mɪlˈnæsɪpræn,drug,HURTS
bupropion,byoo-PRO-pee-on,bjuˈproʊpiɑn,drug,WASH
mirtazapine,mir-TAZ-a-peen,mɪrˈtæzəpin,drug,HELPS
trazodone,TRAZ-oh-done,ˈtræzədoʊn,drug,WASH
nefazodone,nef-AY-zoe-done,nɛfˈeɪ.zoʊ.doʊn,drug,UNMEASURED
vortioxetine,vor-tee-OK-seh-teen,vɔrtiˈɑksətin,drug,WASH
vilazodone,vil-AZ-oh-done,vɪˈlæzədoʊn,drug,HELPS
fluvoxamine,floo-VOK-sah-meen,fluˈvɑksəmin,drug,HURTS
clomipramine,klo-MIP-rah-meen,kloʊˈmɪprəmin,drug,WASH
desipramine,des-IP-rah-meen,dəˈsɪprəmin,drug,HURTS
imipramine,im-IP-rah-meen,ɪˈmɪprəmin,drug,HURTS
protriptyline,pro-TRIP-tih-leen,proʊˈtrɪptəlin,drug,WASH
phenelzine,FEN-el-zeen,ˈfɛnəlzin,drug,WASH
tranylcypromine,tran-il-SIP-roh-meen,trænɪlˈsɪprəmin,drug,WASH
isocarboxazid,eye-soe-kar-BOX-azid,ˌaɪ.soʊ.kɑrˈbɒks.ə.zɪd,drug,UNMEASURED
selegiline,se-LEJ-ih-leen,səˈlɛdʒəlin,drug,HURTS
rasagiline,ra-SAJ-ih-leen,rəˈsædʒəlin,drug,HURTS
aripiprazole,ay-ri-PIP-ray-zole,ˈeɪ.rɪˈpɪp.reɪ.zoʊl,drug,UNMEASURED
olanzapine,oh-LAN-zah-peen,oʊˈlænzəpin,drug,WASH
quetiapine,kwe-TIE-ah-peen,kwɛˈtaɪəpin,drug,HURTS
risperidone,ris-PER-ih-done,rɪˈspɛrɪdoʊn,drug,HURTS
paliperidone,pal-ee-PER-ih-done,pəˈlɪpərɪdoʊn,drug,HURTS
ziprasidone,zi-PRAY-si-done,zɪˈpreɪ.sɪ.doʊn,drug,UNMEASURED
lurasidone,loo-RAS-ih-done,lʊˈræsɪdoʊn,drug,HELPS
brexpiprazole,brex-PIP-ra-zole,brɛksˈpɪp.rə.zoʊl,drug,UNMEASURED
cariprazine,ka-RIP-ra-zeen,kəˈrɪprəzin,drug,HURTS
clozapine,KLOZ-ah-peen,ˈkloʊzəpin,drug,WASH
haloperidol,hal-oh-PER-ih-dol,ˌhæloʊˈpɛrɪdɔl,drug,HURTS
chlorpromazine,klor-PROH-mah-zeen,klɔrˈproʊməzin,drug,WASH
lithium,LITH-ee-um,ˈlɪθiəm,drug,HURTS
valproate,val-PRO-ate,vælˈproʊ.eɪt,drug,HELPS
asenapine,a-SEN-a-peen,əˈsɛn.ə.piːn,drug,HELPS
dexmethylphenidate,dex-METH-il-FEN-i-date,dɛksˌmɛθ.əlˈfɛn.ə.deɪt,drug,WASH
lisdexamfetamine,lis-dex-am-FET-a-meen,lɪsˌdɛks.æmˈfɛt.ə.miːn,drug,WASH
methylphenidate,METH-il-FEN-i-date,ˌmɛθ.əlˈfɛn.ə.deɪt,drug,HURTS
amfetamine,am-FET-a-meen,æmˈfɛt.ə.miːn,drug,HURTS
guanfacine,GWAHN-fa-seen,ˈɡwɑːn.fə.siːn,drug,HURTS
tamoxifen,ta-MOX-i-fen,təˈmɑːk.sə.fən,drug,WASH
anastrozole,an-AS-troh-zole,əˈnæs.trə.zɔːl,drug,WASH
letrozole,LET-roh-zole,ˈlɛ.trə.zɔːl,drug,WASH
exemestane,ex-e-MES-tane,ˌɛk.səˈmɛs.teɪn,drug,HURTS
leuprolide,loo-PRO-lide,luːˈproʊ.laɪd,drug,WASH
goserelin,GOE-se-rel-in,ˈɡoʊ.sɛˈrɛl.ɪn,drug,UNMEASURED
triptorelin,trip-toh-REL-in,trɪpˈtɔːr.ə.lɪn,drug,WASH
bicalutamide,bye-ka-LOO-ta-mide,baɪ.kəˈluː.tə.maɪd,drug,WASH
enzalutamide,en-za-LOO-ta-mide,ɛn.zəˈluː.tə.maɪd,drug,WASH
abiraterone,a-bir-A-ter-one,əˈbɪr.ə.tə.roʊn,drug,HURTS
imatinib,i-MAT-in-ib,ɪˈmæ.tɪ.nɪb,drug,WASH
dasatinib,da-SAT-in-ib,dəˈsæ.tɪ.nɪb,drug,HELPS
nilotinib,ny-LOH-tin-ib,naɪˈloʊ.tɪ.nɪb,drug,HELPS
bosutinib,boh-SOO-tin-ib,boʊˈsuː.tɪ.nɪb,drug,WASH
ponatinib,poh-NA-tin-ib,poʊˈnæ.tɪ.nɪb,drug,HURTS
ibrutinib,eye-BROO-tin-ib,aɪˈbruː.tɪ.nɪb,drug,HELPS
acalabrutinib,a-KAL-a-BROO-tin-ib,əˌkæl.əˈbruː.tɪ.nɪb,drug,WASH
venetoclax,ve-NET-oh-klax,vəˈnɛ.toʊ.klæks,drug,HURTS
rituximab,ri-TUX-i-mab,rɪˈtʊk.sɪ.mæb,drug,WASH
trastuzumab,tras-TUZ-oo-mab,træsˈtʊ.zuː.mæb,drug,WASH
pertuzumab,per-TUZ-oo-mab,pərˈtʊ.zuː.mæb,drug,WASH
bevacizumab,be-va-SIZ-yoo-mab,bɛ.vəˈsɪz.juː.mæb,drug,UNMEASURED
cetuximab,se-TUX-i-mab,səˈtʊk.sɪ.mæb,drug,HELPS
panitumumab,pan-i-TOO-moo-mab,ˌpænɪˈtjuːməmæb,drug,WASH
pembrolizumab,pem-broh-LIZ-oo-mab,ˌpɛmbroʊˈlɪzjuːmæb,drug,HELPS
nivolumab,niv-OL-oo-mab,nɪˈvɒljʊmæb,drug,WASH
ipilimumab,i-pi-LIM-oo-mab,ɪˌpɪlɪˈmuːmæb,drug,WASH
atezolizumab,a-TEZ-oh-LIZ-oo-mab,əˌtɛzoʊˈlɪzjuːmæb,drug,HELPS
durvalumab,dur-VAL-oo-mab,dɜːrˈvæljʊmæb,drug,WASH
avelumab,a-VEL-oo-mab,əˈvɛljʊmæb,drug,HELPS
cisplatin,SIS-pla-tin,ˈsɪs.plæ.tɪn,drug,UNMEASURED
carboplatin,kar-boh-PLAT-in,kɑːrˈboʊplætɪn,drug,HURTS
oxaliplatin,ox-AL-i-PLA-tin,ˌɒksˈæl.ɪˈplæ.tɪn,drug,UNMEASURED
paclitaxel,pak-li-TAKS-el,ˌpæklɪˈtæksɛl,drug,HELPS
docetaxel,doh-se-TAKS-el,ˌdoʊsɪˈtæksɛl,drug,WASH
doxorubicin,dok-soh-ROO-bi-sin,ˌdɒksəˈruːbɪsɪn,drug,WASH
daunorubicin,daw-noh-ROO-bi-sin,ˌdɔːnəˈruːbɪsɪn,drug,HELPS
vincristine,vin-KRIS-teen,vɪnˈkrɪstiːn,drug,WASH
vinblastine,vin-BLAS-teen,vɪnˈblæstiːn,drug,WASH
vinorelbine,vi-NOR-el-been,vɪˈnɔːrɛlbiːn,drug,WASH
etoposide,e-toe-POE-side,ɛˈtoʊˈpoʊ.saɪd,drug,UNMEASURED
cyclophosphamide,sy-kloh-FOS-fa-mide,ˌsaɪkloʊˈfɒsfəmaɪd,drug,HURTS
ifosfamide,i-FOS-fa-mide,ɪˈfɒsfəmaɪd,drug,WASH
methotrexate,meth-oh-TREK-sate,ˌmɛθəˈtɹɛkseɪt,drug,WASH
pemetrexed,pem-e-TREK-sed,ˌpɛmɪˈtɹɛksɛd,drug,HURTS
gemcitabine,jem-SIT-a-been,dʒɛmˈsɪt.ə.biːn,drug,UNMEASURED
fluorouracil,floor-oh-YOO-ra-sil,ˌflʊroʊˈjʊɚəsɪl,drug,HURTS
capecitabine,ka-pe-SITE-a-been,ˌkæpɪˈsaɪtəbiːn,drug,HURTS
cytarabine,sy-TAIR-a-been,saɪˈtɛɚəbiːn,drug,HELPS
adalimumab,a-dal-AYE-mu-mab,əˈdæl.eɪ.mə.mæb,drug,UNMEASURED
etanercept,et-a-NER-sept,ˈɛt.əˈnɛr.sɛpt,drug,UNMEASURED
infliximab,in-FLIK-si-mab,ɪnˈflɪksɪmæb,drug,WASH
certolizumab,ser-toh-LIZ-oo-mab,ˌsɜːrtoʊˈlɪzjuːmæb,drug,HELPS
golimumab,go-LIM-ue-mab,ɡoʊˈlɪmjʊˌmæb,drug,HELPS
tocilizumab,TOE-sih-LIZ-ue-mab,ˌtoʊsɪˈlɪzjʊˌmæb,drug,HURTS
sarilumab,sar-IL-ue-mab,ˌsærɪˈluːmæb,drug,HELPS
ustekinumab,US-te-KIN-ue-mab,ˌʌstəˈkɪnjʊˌmæb,drug,HURTS
secukinumab,SEK-ue-KIN-ue-mab,ˌsɛkjʊˈkɪnjʊˌmæb,drug,WASH
ixekizumab,IX-e-KIZ-ue-mab,ˌɪksɛˈkɪzjʊˌmæb,drug,HELPS
brodalumab,broe-DAL-ue-mab,broʊˈdæljʊˌmæb,drug,HELPS
guselkumab,gue-sel-KOO-mab,ɡjuːˈsɛl.kuː.mæb,drug,UNMEASURED
risankizumab,RIS-an-KIZ-ue-mab,ˌrɪsæŋˈkɪzjʊˌmæb,drug,HURTS
tildrakizumab,TIL-dra-KIZ-ue-mab,tɪlˈdrækɪzjʊˌmæb,drug,WASH
abatacept,a-ba-TA-sept,əˈbæ.tə.sɛpt,drug,UNMEASURED
leflunomide,le-FLOO-no-mide,ˌlɛfˈluːnəˌmaɪd,drug,WASH
sulfasalazine,SUL-fa-SAL-a-zeen,ˌsʌlfəˈsæləˌziːn,drug,WASH
hydroxychloroquine,hy-DROX-ee-KLOR-oh-kween,haɪˌdrɑksiˈklɔrəˌkwin,drug,WASH
azathioprine,AY-za-THYE-oh-preen,ˌæzəˈθaɪəˌpriːn,drug,WASH
mycophenolate,MYE-koe-FEN-oh-late,ˌmaɪkoʊˈfɛnəˌleɪt,drug,WASH
tacrolimus,ta-KROE-li-mus,təˈkroʊlɪməs,drug,WASH
cyclosporine,SYE-kloe-SPOR-een,ˌsaɪkloʊˈspɔriːn,drug,HURTS
sirolimus,sir-OH-li-mus,sɪˈroʊlɪməs,drug,WASH
everolimus,e-VER-oh-LI-mus,ɛˈvɛr.oʊˈlaɪ.məs,drug,WASH
levodopa,LEE-voe-DOE-pa,ˌlɛvoʊˈdoʊpə,drug,WASH
carbidopa,KAR-bi-DOE-pa,ˌkɑrbɪˈdoʊpə,drug,HURTS
pramipexole,PRAM-i-PEX-ole,ˌpræmɪˈpɛksoʊl,drug,HELPS
ropinirole,roe-PIN-i-role,roʊˈpɪnəˌroʊl,drug,WASH
rotigotine,roe-TIG-oh-teen,roʊˈtɪɡəˌtiːn,drug,HURTS
amantadine,a-MAN-ta-deen,əˈmæntəˌdiːn,drug,WASH
entacapone,en-TAK-a-pone,ɛnˈtækəˌpoʊn,drug,HURTS
safinamide,sa-FIN-a-mide,səˈfɪnəˌmaɪd,drug,WASH
apomorphine,AP-oh-MOR-feen,ˌæpəˈmɔrfiːn,drug,WASH
donepezil,doe-NEP-e-zil,doʊˈnɛpəzɪl,drug,HELPS
rivastigmine,riv-uh-STIG-meen,ˌrɪvəˈstɪɡmiːn,drug,HURTS
galantamine,guh-LAN-tuh-meen,ɡəˈlæntəmiːn,drug,WASH
memantine,MEM-an-teen,ˈmɛm.æn.tiːn,drug,UNMEASURED
glatiramer,gluh-TIR-uh-mer,ɡləˈtɪrəmər,drug,HURTS
fingolimod,fin-GOL-ih-mod,fɪŋˈɡɒlɪmɒd,drug,HURTS
dimethyl fumarate,dye-METH-il-FYOO-ma-rate,daɪˈmɛθ.ɪlˈfjuː.mə.reɪt,drug,UNMEASURED
teriflunomide,ter-ih-FLOO-noh-mide,ˌtɛrɪˈflunəmaɪd,drug,HURTS
ozanimod,oh-ZAN-ih-mod,oʊˈzænɪmɒd,drug,WASH
siponimod,sih-PON-ih-mod,sɪˈpɒnɪmɒd,drug,HURTS
natalizumab,na-tal-IZ-uh-mab,ˌnætəˈlɪzʊmæb,drug,HURTS
ocrelizumab,ok-re-LIZ-uh-mab,ˌɒkrɪˈlɪzʊmæb,drug,HURTS
ofatumumab,oh-fuh-TOO-muh-mab,ˌɒfəˈtumʊmæb,drug,HURTS
fumarate,FYOO-muh-rate,ˈfjuː.mə.reɪt,drug,WASH
levothyroxine,lee-voh-thigh-ROX-een,ˌliːvoʊθaɪˈrɒksiːn,drug,WASH
prednisone,PRED-nih-zone,ˈprɛdnɪsoʊn,drug,WASH
prednisolone,pred-NIS-oh-lone,prɛdˈnɪsəloʊn,drug,WASH
methylprednisolone,METH-ul-pred-NIS-oh-lone,ˌmɛθəlprɛdˈnɪsəloʊn,drug,WASH
hydrocortisone,HIGH-dro-KOR-tih-zone,ˌhaɪdroʊˈkɔːrtɪsoʊn,drug,WASH
dexamethasone,dex-uh-METH-uh-zone,ˌdɛksəˈmɛθəsoʊn,drug,HURTS
fludrocortisone,floo-dro-KOR-tih-zone,ˌfludroʊˈkɔːrtɪsoʊn,drug,HELPS
alendronate,uh-LEN-dro-nate,əˈlɛndrəneɪt,drug,WASH
risedronate,rih-SED-ro-nate,rɪˈsɛdrəneɪt,drug,HELPS
ibandronate,ih-BAN-dro-nate,ɪˈbændrəneɪt,drug,WASH
zoledronic acid,zoh-LEH-dron-ik AS-id,zoʊˈlɛ.drɒn.ɪk ˈæs.ɪd,drug,UNMEASURED
denosumab,den-OH-suh-mab,dəˈnoʊsʊmæb,drug,WASH
teriparatide,ter-ih-PAR-uh-tide,ˌtɛrɪˈpærətaɪd,drug,HURTS
raloxifene,ral-OX-ih-feen,ræˈlɒksɪfiːn,drug,HURTS
calcitonin,kal-sih-TONE-in,ˌkælsɪˈtoʊnɪn,drug,WASH
tadalafil,tuh-DAF-ih-lil,təˈdælɪfɪl,drug,WASH
sildenafil,sil-DEN-uh-fil,sɪlˈdɛnəfɪl,drug,HELPS
vardenafil,var-DEN-ah-fil,vɑrˈdɛnəfɪl,drug,WASH
finasteride,fin-AS-ter-ide,fɪˈnæstəˌraɪd,drug,HURTS
dutasteride,doo-TAS-ter-ide,duˈtæstəˌraɪd,drug,HURTS
tamsulosin,tam-SOO-loh-sin,tæmˈsuːləsɪn,drug,WASH
silodosin,sye-lo-DOE-sin,saɪˈloʊ.doʊ.sɪn,drug,UNMEASURED
alfuzosin,al-FYOO-zoe-sin,ælˈfjuː.zoʊ.sɪn,drug,UNMEASURED
oxybutynin,ok-see-BYOO-ti-nin,ˌɑksɪˈbjuːtɪnɪn,drug,HURTS
tolterodine,tol-TER-oh-deen,tɔlˈtɛrəˌdiːn,drug,HURTS
solifenacin,sol-i-FEN-ah-sin,ˌsoʊlɪˈfɛnəsɪn,drug,WASH
darifenacin,dar-i-FEN-ah-sin,ˌdærɪˈfɛnəsɪn,drug,HELPS
mirabegron,mir-ah-BEG-ron,mɪˈræbəˌɡrɑn,drug,HURTS
phenazopyridine,fen-az-oh-PEER-i-deen,fɛnˈæz.oʊˈpɪr.ɪ.diːn,drug,UNMEASURED
hydroxyzine,hy-DROK-si-zeen,haɪˈdrɑksɪˌziːn,drug,WASH
fexofenadine,fek-soh-FEN-ah-deen,ˌfɛksoʊˈfɛnəˌdiːn,drug,HURTS
loratadine,lor-AT-ah-deen,lɔˈrætəˌdiːn,drug,WASH
cetirizine,se-TIR-i-zeen,səˈtɪrɪˌziːn,drug,HURTS
diphenhydramine,dy-fen-HY-drah-meen,ˌdaɪfɛnˈhaɪdrəˌmiːn,drug,HURTS
chlorpheniramine,klor-fen-IR-a-meen,klɔrˈfɛnˈɪr.ə.miːn,drug,UNMEASURED
azelastine,ah-ZEL-ah-steen,əˈzɛləˌstiːn,drug,WASH
olopatadine,oh-loe-pa-TA-deen,oʊˈloʊ.pəˈtæ.diːn,drug,UNMEASURED
modafinil,mo-DAF-i-nil,moʊˈdæfɪnɪl,drug,WASH
armodafinil,ar-mo-DAF-i-nil,ˌɑrmoʊˈdæfɪnɪl,drug,HELPS
sumatriptan,soo-mah-TRIP-tan,ˌsuːməˈtrɪpˌtæn,drug,HELPS
rizatriptan,ry-zah-TRIP-tan,ˌraɪzəˈtrɪpˌtæn,drug,WASH
zolmitriptan,zohl-mi-TRIP-tan,zoʊlˈmɪtrɪpˌtæn,drug,HELPS
eletriptan,el-e-TRIP-tan,ˌɛləˈtrɪpˌtæn,drug,WASH
almotriptan,al-moh-TRIP-tan,ˌælmoʊˈtrɪpˌtæn,drug,HELPS
frovatriptan,froh-vah-TRIP-tan,ˌfroʊvəˈtrɪpˌtæn,drug,HELPS
naratriptan,NAR-a-TRIP-tan,ˈnær.əˈtrɪp.tæn,drug,UNMEASURED
ubrogepant,yoo-BROH-jeh-pant,juːˈbroʊdʒəˌpænt,drug,HELPS
rimegepant,rih-MEH-jeh-pant,rɪˈmɛdʒɪpænt,drug,HELPS
erenumab,eh-REH-nyoo-mab,ɛˈrɛnjʊmæb,drug,WASH
fremanezumab,freh-mah-NEH-zoo-mab,friˈmænɪzʊmæb,drug,WASH
galcanezumab,gal-kah-NEH-zoo-mab,ɡælˈkænɪzʊmæb,drug,WASH
onabotulinumtoxinA,on-ah-BOT-yoo-ly-num-TOX-in ay,ɑnəbəˌtulɪnəmˈtɑksɪn eɪ,drug,HURTS
MI,myocardial infarction,ˌmaɪoʊˈkɑrdiəl ɪnˈfɑrkʃən,acronym,HELPS
COPD,chronic obstructive pulmonary disease,ˌkroʊnɪk əbˈstrʌktɪv ˌpʊlməˈnɛri dɪˈziːz,acronym,HELPS
CHF,congestive heart failure,kənˈɡɛstɪv hɑrt ˈfɜːr,acronym,HELPS
UTI,urinary tract infection,ˌjuːriˈnɛri træk ˈɪnfɛkʃən,acronym,HELPS
MRI,magnetic resonance imaging,mæɡˈnɛtɪk ˈrɛzənəns ˈɪmɪdʒɪŋ,acronym,HELPS
CT,computed tomography,kəmˈpjutɪd təˈmɑɡrəfi,acronym,HELPS
EKG,electrocardiogram,ɪˌlɛktroʊkɑrdiˈɑɡrəm,acronym,HELPS
ECG,electrocardiogram,ɪˌlɛktroʊkɑrdiˈɑɡrəm,acronym,HELPS
EEG,electroencephalogram,ɪˌlɛktroʊɛnsɛfəˈlɑɡrəm,acronym,HELPS
BUN,blood urea nitrogen,ˈblʌd ˌjuːriəˈnaɪtroʊdʒən,acronym,HELPS
CMP,comprehensive metabolic panel,ˌkɑmpliːt ˈmɛtəbəlɪk ˈpænəl,acronym,HELPS
CBC,complete blood count,ˌkɑmpliːt ˈblʌd ˈkaʊnt,acronym,HELPS
TSH,thyroid stimulating hormone,ˌθaɪroʊd ˈstɪmjʊˌleɪtɪŋ ˈhɔːrmoʊn,acronym,HELPS
HbA1c,hemoglobin A one C,ˌheməɡloʊbɪn eɪ wʌn siː,acronym,HELPS
PT,prothrombin time,ˌprɑθrɑmbɪn ˈtaɪm,acronym,HELPS
INR,international normalized ratio,ˌɪntəˈnæʃənəl ˌnɔːrməlaɪzd ˈræʃioʊ,acronym,HELPS
PTT,partial thromboplastin time,ˌpɑrʃəl ˌθrɑmbəˈplæstɪn ˈtaɪm,acronym,HELPS
DVT,deep vein thrombosis,ˌdiːp veɪn ˈθrɑmbəˌsɪs,acronym,HELPS
PE,pulmonary embolism,ˌpʊlməˈnɛri ɛmˈboʊlɪzəm,acronym,HELPS
CVA,cerebrovascular accident,ˌsɛrɪbroʊvæˈskjʊlər əˈsɛnt,acronym,HELPS
TIA,transient ischemic attack,trænˈzɪənt ɪˈskɛmɪk əˈtæk,acronym,HELPS
ICU,intensive care unit,ˌɪntɛnsɪv ˈkɛr ˈjuːnɪt,acronym,HELPS
NICU,neonatal intensive care unit,ˌnɛnətəl ˌɪntɛnsɪv ˈkɛr ˈjuːnɪt,acronym,HELPS
ER,emergency room,ɪmˈɜːrdʒənsi ˈruːm,acronym,HELPS
ED,emergency department,ˌɛrˈdiː,acronym,HELPS
OR,operating room,ˈɔr,acronym,HELPS
PACU,post-anesthesia care unit,pəˈkuː,acronym,HELPS
CCU,coronary care unit,ˌsiːˌsiːˈjuː,acronym,HELPS
SICU,surgical intensive care unit,ˌɛsˌaɪˌsiːˈjuː,acronym,HELPS
MICU,medical intensive care unit,ˌɛmˌaɪˌsiːˈjuː,acronym,HELPS
BP,blood pressure,ˌbiːˈpiː,acronym,HELPS
HR,heart rate,ˌeɪtʃˈɑr,acronym,HELPS
RR,respiratory rate,ˌɑrˈɑr,acronym,HELPS
SpO2,saturation of peripheral oxygen,ˌɛsˌpiːˈoʊ tuː,acronym,HELPS
ETCO2,end-tidal carbon dioxide,ˌiːˌtiːˌsiːˈoʊ tuː,acronym,HELPS
IV,intravenous,ˌaɪˈviː,acronym,HELPS
IM,intramuscular,ˌaɪˈɛm,acronym,HELPS
SC,subcutaneous,ˌɛsˈsiː,acronym,HELPS
PO,by mouth,ˌpiːˈoʊ,acronym,HELPS
PR,per rectum,ˌpiːˈɑr,acronym,HELPS
SL,sublingual,ˌɛsˈɛl,acronym,HELPS
OD,right eye,ˌoʊˈdiː,acronym,WASH
OS,left eye,ˌoʊˈɛs,acronym,HELPS
OU,both eyes,ˌoʊˈjuː,acronym,HELPS
AU,both ears,ˌeɪˈjuː,acronym,HELPS
AD,right ear,ˌeɪˈdiː,acronym,HELPS
AS,left ear,ˌeɪˈɛs,acronym,HELPS
APAP,acetaminophen,ˈeɪpæp,acronym,HELPS
NSAID,non-steroidal anti-inflammatory drug,ˈɛnsɛd,acronym,HELPS
PPI,proton pump inhibitor,ˌpiːˌpiːˈaɪ,acronym,HELPS
ARB,angiotensin receptor blocker,ˌeɪˌɑrˈbiː,acronym,HELPS
ACE,angiotensin-converting enzyme,ˈeɪs,acronym,HELPS
BB,beta blocker,ˌbiːˈbiː,acronym,HELPS
CCB,calcium channel blocker,ˌsiːˌsiːˈbiː,acronym,HELPS
SSRI,se-lek-TIV ser-uh-TON-in re-UP-take in-HIB-i-ter,ˌsɛlɛkˈtɪv ˌsɛroʊˈtɑnɪn riˈæptər ɪnˈhɪbɪtər,acronym,HELPS
SNRI,se-LEK-tiv ser-uh-TON-in nor-e-PIN-e-frin re-UP-take in-HIB-i-ter,ˌsɛroʊˈtɑnɪn ˌnɔrɛˈpɪnɛfrɪn riˈæptər ɪnˈhɪbɪtər,acronym,HELPS
TCA,tri-SIK-lik an-TI-de-PRE-sant,ˌtraɪˈsaɪklɪk ˌæntɪˈdɛprɛsənt,acronym,HELPS
MAOI,mono-amine OK-si-DASE in-HIB-i-ter,ˌmɑnoʊˈæmɪn ˈɑksɪˌdɛs ɪnˈhɪbɪtər,acronym,HELPS
DM,di-a-BE-teez mel-LI-tus,ˌdaɪəˈbiːtɪz ˈmɛlɪtəs,acronym,HELPS
HTN,hi-per-TEN-shun,haɪˈpɜːrtənʃən,acronym,HELPS
HLD,hi-per-LIP-i-dee-mee-uh,ˌhaɪpərˈlɪpɪˌdiːmɪə,acronym,HELPS
CAD,co-ROH-ner-ee AR-ter-ee di-ZEEZ,ˌkɔːrnəri ˈɑːrtəri ˈdɪziːz,acronym,HELPS
PVD,per-i-FER-ul vas-KYOO-ler di-ZEEZ,ˌpɛrɪˈfɛrəl ˈvæskjələr ˈdɪziːz,acronym,HELPS
CKD,kron-ik KID-nee di-ZEEZ,ˌkrɑnɪk ˈkɪdni ˈdɪziːz,acronym,HELPS
ESRD,end-STAGE re-NAL di-ZEEZ,ˌɛndˌsteɪdʒ riˈnæl ˈdɪziːz,acronym,HELPS
AKI,ak-YOOT KID-nee in-JER-ee,ˈækjʊt kɪdˈni ˈɪndʒəri,acronym,HELPS
ASTHMA,AZ-muh,ˈæzmə,acronym,HELPS
GERD,gas-tro-es-uh-FAJ-ul re-FLUKS di-ZEEZ,ˌɡæstroʊɪˈsɑfədʒiəl riˈflʌks ˈdɪziːz,acronym,HELPS
IBD,in-FLAM-a-tor-ee bo-WEL di-ZEEZ,ˌaɪˈnaɪmətəri ˈbɑwəl ˈdɪziːz,acronym,HELPS
IBS,i-RI-ta-bul bo-WEL SIN-drom,ˌaɪrɪtəbl ˈbɑwəl ˈsɪndroʊm,acronym,HELPS
NASH,non-al-ka-ho-LIK ste-to-hep-a-TI-tis,ˌnɑnˈælkəhɑlɪk ˈstiːtəʊˌhaɪˈpætɪtɪs,acronym,HELPS
NAFLD,non-al-ka-ho-LIK FAT-ee li-VER di-ZEEZ,ˌnɑnˈælkəhɑlɪk ˈfætli ˈlɪvər ˈdɪziːz,acronym,HELPS
HCC,he-PAT-o-sel-YOO-ler kar-si-NO-ma,ˌhɛpətəʊˌsɛljʊlər ˈkɑːrsɪˈnoʊmə,acronym,HELPS
ALL,ak-YOOT lym-fo-BLAS-tik le-KEE-mee-uh,ˈækjʊt lɪmˈfɑblæstɪk ˈluːkiːmɪə,acronym,HELPS
AML,ak-YOOT my-eh-LOYD le-KEE-mee-uh,ˈækjʊt mɪˌɛlɔɪd ˈluːkiːmɪə,acronym,HELPS
CLL,kron-ik lym-fo-SIT-ik le-KEE-mee-uh,ˌkrɑnɪk lɪmˈfɑblæstɪk ˈluːkiːmɪə,acronym,HELPS
CML,kron-ik my-eh-LOY-deh-ner-tiv le-KEE-mee-uh,ˌkrɑnɪk mɪˌɛlɔɪd ˈluːkiːmɪə,acronym,HELPS
NHL,non-HOJ-kin lym-FO-ma,ˌnɑnˈhɑdʒkɪn ˈlɪmfəmə,acronym,HELPS
Hodgkin,HOJ-kin,ˈhɑdʒkɪn,acronym,WASH
MM,mul-TI-pul my-eh-LO-ma,ˈmʌltɪpl ˈmaɪˈloʊmə,acronym,HELPS
SLE,sis-TEM-ik loo-PUS er-i-thee-ma-TO-sus,ˌsɪstəmɪk lʊˈpɜːrəs ˌɛrɪˈθɛməˈtoʊsəs,acronym,HELPS
RA,rew-ma-TOYD ar-THRI-tis,ˌruːməˈtoʊɪd ˈɑːrθraɪtɪs,acronym,HELPS
OA,os-tee-o-ar-THRI-tis,ˈɑːsθrəʊˈaɪtɪs,acronym,HELPS
DJD,de-JEN-er-a-tiv jint di-ZEEZ,ˌdɪˈɡɛnərətɪv dʒɔɪnt ˈdɪziːz,acronym,HELPS
GOUT,gowt,ɡaʊt,acronym,WASH
MG,myasthenia gravis,maɪəˈkɑːrdjəl ɪnˈfɑːrkʃən,acronym,HELPS
MS,multiple sclerosis,ˈmʌltɪpl sklɪˈroʊsɪs,acronym,HELPS
ALS,amyotrophic lateral sclerosis,əˈmɪoʊtroʊfɪk ləˈtɛrəl sklɪˈroʊsɪs,acronym,HELPS
GBS,Guillain-Barré syndrome,ɡɪljɛn bɑːˈreɪ sɪnˈdroʊm,acronym,HELPS
TBI,traumatic brain injury,trəˈmætɪk brɛn ɪnˈdʒʊri,acronym,HELPS
PD,Parkinson disease,pɑːrkɪnsən ˈdɪziːz,acronym,HELPS
HD,Huntington disease,hʌnˈtɪŋtən ˈdɪziːz,acronym,HELPS
CJD,Creutzfeldt-Jakob disease,krʊtsfɛlt dʒækəb ˈdɪziːz,acronym,HELPS
SCI,spinal cord injury,spaɪnəl kɔːrd ɪnˈdʒʊri,acronym,HELPS
CA,cancer,kɑːnsər,acronym,HELPS
N/V,nausea and vomiting,nɔːziə ənd voʊmɪtɪŋ,acronym,HELPS
SOB,shortness of breath,ʃɔːrtnis əv brɛθ,acronym,HELPS
CP,cerebral palsy,sɛrɪbrəl ˈpɔːlsi,acronym,HELPS
N/V/D,nausea vomiting and diarrhea,nɔːziə voʊmɪtɪŋ ənd dɪˈɑːrjə,acronym,HELPS
LOC,loss of consciousness,lɑːs əv kɔnˈʃuːʃən,acronym,HELPS
GCS,Glasgow Coma Scale,ɡlæsɡoʊ kɔmə skoːr,acronym,HELPS
HEENT,head eyes ears nose and throat,hɛd aɪz ɪrz noʊz ənd θroʊt,acronym,HELPS
CV,cardiovascular,kɑːrdjoʊˈvæskjələr,acronym,HELPS
GI,gastrointestinal,ɡæstroʊɪnˈtɛstənəl,acronym,HELPS
GU,genitourinary,dʒɛnɪtoʊˈrɪnəri,acronym,HELPS
MSK,musculoskeletal,mʌskjoʊsklɪˈlɛtərəl,acronym,HELPS
Neuro,NEU-roh,nʊˈroʊloʊdʒi,acronym,HELPS
Psych,SYKE,saɪˈkætri,acronym,WASH
Derm,derm,dɜːrməˈtɑːlədʒi,acronym,WASH
ENT,ear nose and throat,ɪr noʊz ənd θroʊt,acronym,HELPS
OB,obstetrics,ɑːbstəˈtrɪks,acronym,HELPS
GYN,gynecology,ɡaɪnɪˈkɑːlədʒi,acronym,HELPS
LMP,last menstrual period,læst mɛnstrəl ˈpɪriəd,acronym,HELPS
EDC,estimated date of confinement,ɛstɪˈmeɪtɪd ˈdɛt əv kənˈfainment,acronym,HELPS
Gest,gest,dʒɛst,acronym,WASH
NS,normal saline,nɔːrməl saʊn,acronym,HELPS
LR,lactated Ringer's,lækˈtɛtˌɪd rɪŋɡərz,acronym,HELPS
D5W,D-five-W,faɪv pərsɛnt dɛkstɹoʊz ɪn waʊtər,acronym,WASH
D5NS,D-five-N-S,faɪv pərsɛnt dɛkstɹoʊz ɪn nɔːrməl saʊn,acronym,WASH
D5LR,D-five-L-R,faɪv pərsɛnt dɛkstɹoʊz ɪn lækˈtɛtˌɪd rɪŋɡərz,acronym,WASH
KCl,potassium chloride,pəˈtæsiəm klɔːraɪd,acronym,HELPS
MgSO4,mag-NEE-zee-um sul-FATE,mæɡˈniːziəm sʌlˈfeɪt,acronym,HELPS
CaCl2,KAL-see-um KLOR-ide,kælsiəm klɔːraɪd,acronym,HELPS
NaHCO3,SOD-ee-um hye-DROK-sah-dye KAR-bo-nate,soʊdiəm aɪkaɹˈbɒnət,acronym,HELPS
ABG,arterial blood gas,ˈɑːtəriəl bluːd ɡæz,acronym,HELPS
VBG,venous blood gas,vɛnəs bluːd ɡæz,acronym,HELPS
LP,lumbar puncture,ˈlʌmbər ˈpʌŋktʃər,acronym,HELPS
BM,bowel movement,baʊəl muːvmənt,acronym,HELPS
PEG,PEG,pɛrˈkjuːtəniəs ˌɛndəˈskɒpɪk ɡæstrəˈstɔmi,acronym,WASH
ICD,implantable cardioverter defibrillator,ˈɪmplæntəbəl kɑːrdiˈoʊvɜːtər dɪˈfɪbriˌleɪtər,acronym,HELPS
Pacemaker,PACE-may-ker,ˈpeɪsˌmeɪkər,acronym,WASH
AICD,automatic implantable cardioverter defibrillator,ˈɔːtəˌmætɪk ˈɪmplæntəbəl kɑːrdiˈoʊvɜːtər dɪˈfɪbriˌleɪtər,acronym,HELPS
CABG,cabbage,ˌkɒrənɛri ˈɑːtəri bæpəs ɡræft,acronym,WASH
PCI,percutaneous coronary intervention,pɜːrˈkjuːtəniəs kɒrənɛri ˌɪntəˈvɛnʃən,acronym,HELPS
TAVR,TAH-ver,ˌtrænsˈkætətər ˈɔːrtɪk vɑːlv rɪˈpleɪsmənt,acronym,HELPS
TEVAR,TEV-ar,ˌθɔːræsɪk ˌɛndəʊvɑːskjʊlər ˈɔːrtɪk rɪˈpeər,acronym,HELPS
EVAR,EE-var,ˌɛndəʊvɑːskjʊlər ˈɔːrtɪk rɪˈpeər,acronym,HURTS
PTCA,percutaneous transluminal coronary angioplasty,pɜːrˈkjuːtəniəs trænsˈluːmɪnəl kɒrənɛri ˌænʤɪˈɑːplæsti,acronym,HELPS
ETOH,alcohol,ˈɛθənɔːl,acronym,HELPS
IVDU,I-V drug use,ˌɪntɹəˈviːnəs dɹʌɡ juːzər,acronym,HELPS
ASA,ASPIR-in,ˈæspərɪn,acronym,HELPS
NYD,not yet diagnosed,nɑːt jɛt dɪˈtɜːrmɪnd,acronym,HELPS
HX,history,hɪˈstɒri,acronym,HURTS
Sx,symptoms,ˈsɪmpəmz,acronym,HELPS
Tx,treatment,ˌtrɛtmənt,acronym,HELPS
Dx,diagnosis,ˌdaɪəɡˈnoʊsɪs,acronym,HELPS
Rx,prescription,ˌpɝːskrɪpʃən,acronym,HELPS
FHx,family history,ˌfæmɪli hɪˈstɒri,acronym,HELPS
SHx,social history,ˌsɝːʒəkəl hɪˈstɒri,acronym,HELPS
myocardial infarction,my-oh-KAR-dee-al in-FARK-shun,ˌmaɪəˈkɑːrdiəl ɪnˈfɑːrkʃən,clinical,HURTS
angina pectoris,an-JY-nah PEK-tor-is,ænˈdʒaɪnə ˈpɛktərɪs,clinical,WASH
arrhythmia,a-RITH-mee-ah,əˈrɪðmiə,clinical,HURTS
atrial fibrillation,AY-tree-al fib-ri-LAY-shun,ˈeɪtriəl ˌfɪbrɪˈleɪʃən,clinical,HURTS
ventricular fibrillation,ven-TRIK-yoo-lar fib-ri-LAY-shun,vɛnˈtrɪkjələr ˌfɪbrɪˈleɪʃən,clinical,WASH
tachycardia,tak-ee-KAR-dee-ah,ˌtækiˈkɑːrdiə,clinical,HURTS
bradycardia,brad-ee-KAR-dee-ah,ˌbrædiˈkɑːrdiə,clinical,HURTS
hypertension,hy-per-TEN-shun,ˌhaɪpərˈtɛnʃən,clinical,HURTS
hypotension,hy-poh-TEN-shun,ˌhaɪpoʊˈtɛnʃən,clinical,WASH
atherosclerosis,ath-er-oh-skleh-ROH-sis,ˌæθəroʊskləˈroʊsɪs,clinical,HURTS
endocarditis,en-doh-kar-DY-tis,ˌɛndoʊkɑːrˈdaɪtɪs,clinical,HURTS
pericarditis,per-ee-kar-DY-tis,ˌpɛrɪkɑːrˈdaɪtɪs,clinical,HURTS
myocarditis,my-oh-kar-DY-tis,ˌmaɪoʊkɑːrˈdaɪtɪs,clinical,WASH
cardiomyopathy,kar-dee-oh-my-OP-ah-thee,ˌkɑːrdioʊmaɪˈɑːpəθi,clinical,WASH
thromboembolism,throm-boh-EM-boh-liz-um,ˌθrɑːmboʊˈɛmbəlɪzəm,clinical,HURTS
thrombophlebitis,throm-boh-fleh-BY-tis,ˌθrɑːmboʊflɪˈbaɪtɪs,clinical,WASH
phlebitis,fleh-BY-tis,flɪˈbaɪtɪs,clinical,WASH
embolism,EM-boh-liz-um,ˈɛmbəlɪzəm,clinical,WASH
stenosis,steh-NOH-sis,stɪˈnoʊsɪs,clinical,HURTS
regurgitation,ree-gur-ji-TAY-shun,rɪˌɡɝːdʒɪˈteɪʃən,clinical,WASH
prolapse,proh-LAPS,proʊˈlæps,clinical,WASH
aneurysm,AN-yoo-riz-um,ˈænjərɪzəm,clinical,HURTS
dissection,dy-SEK-shun,dɪˈsɛkʃən,clinical,WASH
ischemia,is-KEE-mee-ah,ɪˈskimiə,clinical,HURTS
infarction,in-FARK-shun,ɪnˈfɑːrkʃən,clinical,WASH
reperfusion,REE-per-FYOO-zhun,ˌriːpərˈfjuːʒən,clinical,WASH
hypercholesterolemia,HY-per-koh-LES-ter-oh-LEE-mee-ah,ˌhaɪpərkəˌlɛstərəˈliːmiə,clinical,HURTS
hypertriglyceridemia,HY-per-try-GLIS-er-ih-DEE-mee-ah,ˌhaɪpərtraɪˌɡlɪsərəˈdiːmiə,clinical,HURTS
hypoalbuminemia,HY-poh-al-BYOO-mih-NEE-mee-ah,ˌhaɪpoʊælˌbjuːmɪˈniːmiə,clinical,HURTS
pneumonia,noo-MOHN-yah,nuːˈmoʊnjə,clinical,HURTS
bronchitis,brong-KY-tis,brɑːŋˈkaɪtɪs,clinical,WASH
bronchiectasis,brong-kee-EK-tah-sis,ˌbrɑːŋkiˈɛktəsɪs,clinical,WASH
emphysema,em-fih-SEE-mah,ˌɛmfɪˈsiːmə,clinical,WASH
pneumothorax,noo-moh-THOR-aks,ˌnuːmoʊˈθɔːræks,clinical,HURTS
hemothorax,hee-moh-THOR-aks,ˌhiːmoʊˈθɔːræks,clinical,WASH
pleural effusion,PLOO-ral eh-FYOO-zhun,ˈplʊrəl ɪˈfjuːʒən,clinical,WASH
pleurisy,PLOO-rih-see,ˈplʊrɪsi,clinical,HURTS
atelectasis,at-ih-LEK-tah-sis,ˌætəˈlɛktəsɪs,clinical,HURTS
pulmonary embolism,PUL-moh-nair-ee EM-bol-izm,ˈpʊlməˌnɛri ˈɛmbəˌlɪzəm,clinical,WASH
pulmonary edema,PUL-moh-nair-ee eh-DEE-mah,ˈpʊlməˌnɛri ɪˈdiːmə,clinical,HURTS
pulmonary fibrosis,PUL-moh-nair-ee fy-BROH-sis,ˈpʊlməˌnɛri faɪˈbroʊsɪs,clinical,WASH
sarcoidosis,SAR-koy-DOH-sis,ˌsɑːrkɔɪˈdoʊsɪs,clinical,HURTS
tuberculosis,too-BER-kyoo-LOH-sis,tuːˌbɜːrkjəˈloʊsɪs,clinical,WASH
hypoxia,hy-POK-see-ah,haɪˈpɑːksiə,clinical,WASH
hypercapnia,hy-per-KAP-nee-ah,ˌhaɪpərˈkæpniə,clinical,WASH
respiratory failure,RES-pih-rah-tor-ee FAYL-yer,ˈrɛspərəˌtɔːri ˈfeɪljər,clinical,HURTS
apnea,AP-nee-ah,æpˈniːə,clinical,WASH
dyspnea,DISP-nee-ah,dɪspˈniːə,clinical,WASH
hemoptysis,hee-MOP-tih-sis,hɪˈmɑːptəsɪs,clinical,HURTS
stridor,STRY-dor,ˈstraɪdɔːr,clinical,HELPS
wheezing,WEE-zing,ˈwiːzɪŋ,clinical,WASH
coryza,koh-RY-zah,kəˈraɪzə,clinical,HELPS
gastroesophageal reflux,GAS-troh-ee-sof-ah-JEE-al REE-fluks,ˌɡæstroʊɪˌsɑːfəˈdʒiəl ˈriːflʌks,clinical,WASH
esophagitis,ee-sof-ah-JY-tis,ɪˌsɑːfəˈdʒaɪtɪs,clinical,HURTS
gastritis,gas-TRY-tis,ɡæˈstraɪtɪs,clinical,HURTS
peptic ulcer,PEP-tik UL-ser,ˈpɛptɪk ˈʌlsɚ,clinical,HURTS
gastroenteritis,gas-tro-en-ter-EYE-tis,ˌɡæstroʊˌɛntɚˈaɪtɪs,clinical,WASH
colitis,ko-LYE-tis,kəˈlaɪtɪs,clinical,WASH
ulcerative colitis,UL-ser-a-tiv ko-LYE-tis,ˈʌlsɚətɪv kəˈlaɪtɪs,clinical,HURTS
Crohn's disease,KROHNZ dih-ZEEZ,kroʊnz dɪˈziz,clinical,HURTS
diverticulitis,dye-ver-tik-yoo-LYE-tis,ˌdaɪvɚˌtɪkjəˈlaɪtɪs,clinical,WASH
appendicitis,a-pen-dih-SYE-tis,əˌpɛndɪˈsaɪtɪs,clinical,HURTS
cholecystitis,ko-luh-sis-TYE-tis,ˌkoʊləsɪˈstaɪtɪs,clinical,WASH
pancreatitis,pan-kree-a-TYE-tis,ˌpæŋkriəˈtaɪtɪs,clinical,WASH
hepatitis,hep-a-TYE-tis,ˌhɛpəˈtaɪtɪs,clinical,WASH
cirrhosis,sir-OH-sis,sɪˈroʊsɪs,clinical,WASH
cholestasis,ko-luh-STAY-sis,ˌkoʊləˈsteɪsɪs,clinical,WASH
steatosis,stee-a-TOH-sis,ˌstiəˈtoʊsɪs,clinical,WASH
steatohepatitis,stee-a-toh-hep-a-TYE-tis,ˌstiətoʊˌhɛpəˈtaɪtɪs,clinical,WASH
peritonitis,pair-ih-toh-NYE-tis,ˌpɛrɪtəˈnaɪtɪs,clinical,WASH
ileus,IL-ee-us,ˈɪliəs,clinical,HURTS
intussusception,in-tuh-suh-SEP-shun,ˌɪntəsəˈsɛpʃən,clinical,HURTS
volvulus,VOL-vyoo-lus,ˈvɑlvjələs,clinical,WASH
hematemesis,hee-ma-TEM-eh-sis,ˌhɛməˈtɛməsɪs,clinical,HELPS
melena,muh-LEE-na,məˈlinə,clinical,HURTS
hematochezia,hee-ma-toh-KEE-zee-a,ˌhɛmətoʊˈkiʒə,clinical,HURTS
choledocholithiasis,ko-led-oh-ko-lih-THIGH-a-sis,kəˌlɛdəkoʊˌlɪθaɪəsɪs,clinical,HURTS
cholelithiasis,ko-luh-lih-THIGH-a-sis,ˌkoʊləlɪˈθaɪəsɪs,clinical,HURTS
nephrolithiasis,nef-ro-lih-THIGH-a-sis,ˌnɛfroʊlɪˈθaɪəsɪs,clinical,WASH
sialadenitis,sigh-al-a-deh-NYE-tis,ˌsaɪəlædəˈnaɪtɪs,clinical,HELPS
nephritis,neh-FRY-tis,nəˈfraɪtɪs,clinical,HURTS
nephrosis,neh-FROH-sis,nəˈfroʊsɪs,clinical,HURTS
glomerulonephritis,gloh-mer-yoo-loh-neh-FRY-tis,ɡloʊˌmɛrjəloʊnəˈfraɪtɪs,clinical,HURTS
pyelonephritis,pye-eh-loh-neh-FRY-tis,ˌpaɪəloʊnəˈfraɪtɪs,clinical,WASH
cystitis,sis-TYE-tis,sɪˈstaɪtɪs,clinical,HURTS
urethritis,yoo-reh-THRY-tis,ˌjʊrɪˈθraɪtɪs,clinical,HURTS
ureterolithiasis,yoo-REH-ter-oh-lih-THY-ah-sis,jʊˌrɛtərəlɪˈθaɪəsɪs,clinical,HURTS
hydronephrosis,HY-droh-neh-FROH-sis,ˌhaɪdrənɛˈfroʊsɪs,clinical,WASH
oliguria,oh-lih-GYOO-ree-ah,ˌɑlɪˈɡjʊriə,clinical,HURTS
anuria,an-YOO-ree-ah,əˈnjʊriə,clinical,HURTS
hematuria,HEE-mah-TOO-ree-ah,ˌhɛməˈtʊriə,clinical,HURTS
proteinuria,PROH-tee-NYOO-ree-ah,ˌproʊtiˈnʊriə,clinical,HURTS
dysuria,dis-YOO-ree-ah,dɪsˈjʊriə,clinical,HURTS
incontinence,in-KON-tih-nens,ɪnˈkɑntɪnəns,clinical,HURTS
retention,ree-TEN-shun,rɪˈtɛnʃən,clinical,WASH
azoospermia,AY-zoh-oh-SPER-mee-ah,eɪˌzoʊəˈspɜrmiə,clinical,HURTS
oligospermia,OH-lih-goh-SPER-mee-ah,ˌɑlɪɡoʊˈspɜrmiə,clinical,HURTS
encephalopathy,en-SEH-fah-LOP-ah-thee,ɛnˌsɛfəˈlɑpəθi,clinical,HURTS
encephalitis,en-SEH-fah-LY-tis,ɛnˌsɛfəˈlaɪtɪs,clinical,WASH
meningitis,MEH-nin-JY-tis,ˌmɛnɪnˈdʒaɪtɪs,clinical,WASH
myelitis,MY-eh-LY-tis,ˌmaɪəˈlaɪtɪs,clinical,HURTS
neuropathy,nyoo-ROP-ah-thee,nʊˈrɑpəθi,clinical,HURTS
radiculopathy,rah-DIK-yoo-LOP-ah-thee,rəˌdɪkjəˈlɑpəθi,clinical,HURTS
myelopathy,MY-eh-LOP-ah-thee,ˌmaɪəˈlɑpəθi,clinical,HURTS
ataxia,ah-TAK-see-ah,əˈtæksiə,clinical,WASH
dysarthria,dis-AR-three-ah,dɪsˈɑrθriə,clinical,HURTS
aphasia,ah-FAY-zhah,əˈfeɪʒə,clinical,HURTS
apraxia,ah-PRAK-see-ah,əˈpræksiə,clinical,HURTS
agnosia,ag-NOH-zhah,æɡˈnoʊʒə,clinical,HELPS
anomia,ah-NOH-mee-ah,əˈnoʊmiə,clinical,HURTS
dysphagia,dis-FAY-jah,dɪsˈfeɪdʒə,clinical,WASH
dysphonia,dis-FOH-nee-ah,dɪsˈfoʊniə,clinical,WASH
dyskinesia,dis-kih-NEE-zhah,ˌdɪskɪˈniʒə,clinical,HURTS
myoclonus,my-OK-loh-nus,maɪˈɑklənəs,clinical,WASH
chorea,koh-REE-ah,kəˈriə,clinical,WASH
athetosis,ATH-eh-TOE-sis,ˌæθəˈtoʊsɪs,clinical,WASH
dystonia,dis-TOE-nee-ah,dɪsˈtoʊniə,clinical,HURTS
tremor,TREM-or,ˈtrɛmər,clinical,WASH
fasciculation,fa-SIK-yoo-LAY-shun,fəˌsɪkjəˈleɪʃən,clinical,WASH
clonus,KLOH-nus,ˈkloʊnəs,clinical,WASH
nystagmus,nis-TAG-mus,nɪˈstæɡməs,clinical,HURTS
ptosis,TOE-sis,ˈtoʊsɪs,clinical,WASH
miosis,my-OH-sis,maɪˈoʊsɪs,clinical,WASH
mydriasis,mi-DRY-ah-sis,mɪˈdraɪəsɪs,clinical,WASH
anisocoria,an-EYE-so-KOR-ee-ah,ænˌaɪsəˈkɔriə,clinical,HURTS
hyperreflexia,HY-per-re-FLEK-see-ah,ˌhaɪpərrɪˈflɛksiə,clinical,WASH
hyporeflexia,HY-po-re-FLEK-see-ah,ˌhaɪpɔrɪˈflɛksiə,clinical,HURTS
Babinski,ba-BIN-skee,bəˈbɪnski,clinical,WASH
paresthesia,par-es-THEE-zhah,ˌpærəsˈθiʒə,clinical,HURTS
anesthesia,an-es-THEE-zhah,ˌænəsˈθiʒə,clinical,HURTS
hyperesthesia,HY-per-es-THEE-zhah,ˌhaɪpərəsˈθiʒə,clinical,HURTS
dysesthesia,dis-es-THEE-zhah,ˌdɪsəsˈθiʒə,clinical,HURTS
neuralgia,nyoo-RAL-jah,nʊˈrældʒə,clinical,WASH
neuritis,nyoo-RY-tis,nʊˈraɪtɪs,clinical,HURTS
sciatica,sy-AT-ik-ah,saɪˈætɪkə,clinical,WASH
trigeminal,try-JEM-in-al,traɪˈdʒɛmɪnəl,clinical,HURTS
prosopagnosia,PROS-oh-pag-NOH-zhah,ˌprɑsəpæɡˈnoʊʒə,clinical,HURTS
hyperthyroidism,HY-per-THY-roy-dizm,ˌhaɪpərˈθaɪrɔɪdɪzəm,clinical,HURTS
hypothyroidism,HY-po-THY-roy-dizm,ˌhaɪpəˈθaɪrɔɪdɪzəm,clinical,WASH
thyrotoxicosis,THY-ro-TOK-sih-KOH-sis,ˌθaɪroʊˌtɑksɪˈkoʊsɪs,clinical,HURTS
myxedema,mik-seh-DEE-mah,ˌmɪksəˈdiːmə,clinical,WASH
hyperparathyroidism,HY-per-PAR-ah-THY-roy-dizm,ˌhaɪpərˌpærəˈθaɪrɔɪdɪzəm,clinical,WASH
hypoparathyroidism,HY-po-PAR-ah-THY-roy-dizm,ˌhaɪpəˌpærəˈθaɪrɔɪdɪzəm,clinical,HURTS
hypercalcemia,HY-per-kal-SEE-mee-ah,ˌhaɪpərkælˈsiːmiə,clinical,HURTS
hypocalcemia,HY-po-kal-SEE-mee-ah,ˌhaɪpəkælˈsiːmiə,clinical,WASH
hyperkalemia,hy-per-kah-LEE-mee-ah,ˌhaɪpərkəˈliːmiə,clinical,WASH
hypokalemia,hy-poh-kah-LEE-mee-ah,ˌhaɪpoʊkəˈliːmiə,clinical,HURTS
hypernatremia,hy-per-nah-TREE-mee-ah,ˌhaɪpərnəˈtriːmiə,clinical,HURTS
hyponatremia,hy-poh-nah-TREE-mee-ah,ˌhaɪpoʊnəˈtriːmiə,clinical,HELPS
hypomagnesemia,hy-poh-mag-neh-SEE-mee-ah,ˌhaɪpoʊmæɡnəˈsiːmiə,clinical,HURTS
hypermagnesemia,hy-per-mag-neh-SEE-mee-ah,ˌhaɪpərmæɡnəˈsiːmiə,clinical,HURTS
hypophosphatemia,hy-poh-fos-fah-TEE-mee-ah,ˌhaɪpoʊfɑːsfəˈtiːmiə,clinical,HURTS
hyperphosphatemia,hy-per-fos-fah-TEE-mee-ah,ˌhaɪpərfɑːsfəˈtiːmiə,clinical,HURTS
acidosis,ah-sih-DOH-sis,ˌæsɪˈdoʊsɪs,clinical,HURTS
alkalosis,al-kah-LOH-sis,ˌælkəˈloʊsɪs,clinical,WASH
ketoacidosis,kee-toh-ah-sih-DOH-sis,ˌkiːtoʊˌæsɪˈdoʊsɪs,clinical,WASH
hypoglycemia,hy-poh-gly-SEE-mee-ah,ˌhaɪpoʊɡlaɪˈsiːmiə,clinical,HURTS
hyperglycemia,hy-per-gly-SEE-mee-ah,ˌhaɪpərɡlaɪˈsiːmiə,clinical,HURTS
insulinoma,in-suh-lih-NOH-mah,ˌɪnsəlɪˈnoʊmə,clinical,WASH
pheochromocytoma,fee-oh-kroh-moh-sy-TOH-mah,ˌfiːoʊˌkroʊmoʊsaɪˈtoʊmə,clinical,WASH
anemia,ah-NEE-mee-ah,əˈniːmiə,clinical,HURTS
polycythemia,pol-ee-sy-THEE-mee-ah,ˌpɑːlɪsaɪˈθiːmiə,clinical,HURTS
thrombocytopenia,throm-boh-sy-toh-PEE-nee-ah,ˌθrɑːmboʊˌsaɪtəˈpiːniə,clinical,WASH
thrombocytosis,throm-boh-sy-TOH-sis,ˌθrɑːmboʊsaɪˈtoʊsɪs,clinical,WASH
leukopenia,loo-koh-PEE-nee-ah,ˌluːkəˈpiːniə,clinical,HELPS
leukocytosis,loo-koh-sy-TOH-sis,ˌluːkəsaɪˈtoʊsɪs,clinical,HURTS
neutropenia,noo-troh-PEE-nee-ah,ˌnuːtrəˈpiːniə,clinical,HURTS
neutrophilia,noo-troh-FIL-ee-ah,ˌnuːtrəˈfɪliə,clinical,WASH
lymphopenia,lim-foh-PEE-nee-ah,ˌlɪmfəˈpiːniə,clinical,HURTS
lymphocytosis,lim-foh-sy-TOH-sis,ˌlɪmfəsaɪˈtoʊsɪs,clinical,WASH
monocytosis,mon-oh-sy-TOH-sis,ˌmɑːnəsaɪˈtoʊsɪs,clinical,WASH
eosinophilia,ee-oh-sin-oh-FIL-ee-ah,ˌiːəˌsɪnəˈfɪliə,clinical,HURTS
basophilia,bay-soh-FIL-ee-ah,ˌbeɪsəˈfɪliə,clinical,WASH
pancytopenia,pan-sy-toh-PEE-nee-ah,ˌpænsaɪtəˈpiːniə,clinical,WASH
hemophilia,hee-moh-FIL-ee-ah,ˌhiːməˈfɪliə,clinical,HURTS
thrombophilia,throm-bo-FIL-ee-ah,ˌθrɒmboʊˈfɪliə,clinical,HELPS
purpura,PUR-pur-ah,ˈpɜːrpjʊrə,clinical,HURTS
petechiae,pe-TEE-kee-eye,pɪˈtɛkiaɪ,clinical,WASH
ecchymosis,ek-ih-MOH-sis,ˌɛkɪˈmoʊsɪs,clinical,HURTS
hematoma,hee-mah-TOH-mah,ˌhɛməˈtoʊmə,clinical,HURTS
hemolysis,hee-MOL-ih-sis,hɪˈmɒlɪsɪs,clinical,WASH
cellulitis,sel-yoo-LY-tis,ˌsɛljuˈlaɪtɪs,clinical,HURTS
abscess,AB-ses,ˈæbsɛs,clinical,WASH
furuncle,FYOOR-ung-kul,ˈfjʊrʌŋkəl,clinical,HELPS
carbuncle,KAR-bung-kul,ˈkɑːrbʌŋkəl,clinical,HURTS
impetigo,im-peh-TY-goh,ˌɪmpɪˈtaɪgoʊ,clinical,HURTS
erysipelas,er-ih-SIP-eh-las,ˌɛrɪˈsɪpələs,clinical,HURTS
necrotizing fasciitis,NEK-roh-ty-zing fash-ee-EYE-tis,ˈnɛkrətaɪzɪŋ fəˈʃaɪtɪs,clinical,WASH
osteomyelitis,os-tee-oh-my-eh-LY-tis,ˌɒstioʊˌmaɪəˈlaɪtɪs,clinical,HURTS
septic arthritis,SEP-tik ar-THRY-tis,ˈsɛptɪk ɑːrˈθraɪtɪs,clinical,WASH
sepsis,SEP-sis,ˈsɛpsɪs,clinical,WASH
septicemia,sep-tih-SEE-mee-ah,ˌsɛptɪˈsiːmiə,clinical,HURTS
bacteremia,bak-ter-EE-mee-ah,ˌbæktəˈriːmiə,clinical,WASH
viremia,vy-REE-mee-ah,vaɪˈriːmiə,clinical,HURTS
fungemia,fun-JEE-mee-ah,fʌnˈdʒiːmiə,clinical,HURTS
parasitemia,par-ah-sih-TEE-mee-ah,ˌpærəsaɪˈtiːmiə,clinical,HURTS
endotoxemia,en-doh-tok-SEE-mee-ah,ˌɛndoʊtɒkˈsiːmiə,clinical,WASH
erythema,er-ih-THEE-mah,ˌɛrɪˈθiːmə,clinical,HURTS
urticaria,ur-tih-KAR-ee-ah,ˌɜːrtɪˈkɛriə,clinical,HURTS
pruritus,proo-RY-tus,prʊˈraɪtəs,clinical,HELPS
eczema,EK-zeh-mah,ˈɛksɪmə,clinical,WASH
psoriasis,soh-RY-ah-sis,səˈraɪəsɪs,clinical,HURTS
lichenification,ly-ken-ih-fih-KAY-shun,lɪˌkɛnɪfɪˈkeɪʃən,clinical,HURTS
excoriation,eks-kor-ee-AY-shun,ɪkˌskɔːriˈeɪʃən,clinical,HURTS
vesicle,VES-ih-kul,ˈvɛsɪkəl,clinical,WASH
bulla,BULL-ah,ˈbʊlə,clinical,HELPS
pustule,PUS-chool,ˈpʌstʃul,clinical,WASH
macule,MAK-yool,ˈmækjuːl,clinical,WASH
papule,PAP-yool,ˈpæpjuːl,clinical,HELPS
nodule,NOD-yool,ˈnɑːdjuːl,clinical,WASH
plaque,PLAK,plæk,clinical,WASH
scale,SKAYL,skeɪl,clinical,WASH
crust,KRUST,krʌst,clinical,WASH
erosion,ee-ROH-zhun,ɪˈroʊʒən,clinical,WASH
ulcer,UL-ser,ˈʌlsər,clinical,WASH
fissure,FISH-ur,ˈfɪʃər,clinical,HURTS
atrophy,AT-roh-fee,ˈætrəfi,clinical,WASH
sclerosis,skleh-ROH-sis,skləˈroʊsɪs,clinical,HURTS
appendectomy,ap-en-DEK-toh-mee,ˌæpənˈdɛktəmi,clinical,WASH
cholecystectomy,koh-leh-sis-TEK-toh-mee,ˌkoʊləsɪˈstɛktəmi,clinical,HURTS
herniorrhaphy,her-nee-OR-ah-fee,ˌhɜːrniˈɔːrəfi,clinical,HURTS
colostomy,koh-LOS-toh-mee,kəˈlɑːstəmi,clinical,HURTS
ileostomy,il-ee-OS-toh-mee,ˌɪliˈɑːstəmi,clinical,HURTS
nephrectomy,neh-FREK-toh-mee,nəˈfrɛktəmi,clinical,WASH
hysterectomy,his-teh-REK-toh-mee,ˌhɪstəˈrɛktəmi,clinical,HURTS
mastectomy,mas-TEK-toh-mee,mæˈstɛktəmi,clinical,HELPS
thyroidectomy,thy-roy-DEK-toh-mee,ˌθaɪrɔɪˈdɛktəmi,clinical,WASH
parathyroidectomy,par-ah-thy-roy-DEK-toh-mee,ˌpærəˌθaɪrɔɪˈdɛktəmi,clinical,HURTS
adrenalectomy,ad-reh-nal-EK-toh-mee,əˌdriːnəˈlɛktəmi,clinical,WASH
splenectomy,spleh-NEK-toh-mee,spliˈnɛktəmi,clinical,WASH
pancreatectomy,pan-kree-ah-TEK-toh-mee,ˌpæŋkriəˈtɛktəmi,clinical,WASH
esophagectomy,eh-sof-ah-JEK-toh-mee,iːˌsɑːfəˈdʒɛktəmi,clinical,HURTS
gastrectomy,gas-TREK-toh-mee,ɡæˈstrɛktəmi,clinical,HELPS
colectomy,koh-LEK-toh-mee,kəˈlɛktəmi,clinical,WASH
proctectomy,prok-TEK-toh-mee,prɑːkˈtɛktəmi,clinical,WASH
cystectomy,sis-TEK-toh-mee,sɪˈstɛktəmi,clinical,WASH
nephrostomy,neh-FROS-toh-mee,nəˈfrɑstəmi,clinical,HURTS
ureterostomy,yoo-REE-ter-OS-toh-mee,jʊˌriːtəˈrɑstəmi,clinical,HURTS
tracheostomy,TRAY-kee-OS-toh-mee,ˌtreɪkiˈɑstəmi,clinical,WASH
cricothyroidotomy,KRY-koh-thy-ROY-DOT-oh-mee,ˌkraɪkoʊˌθaɪrɔɪˈdɑtəmi,clinical,HURTS
thoracotomy,thor-ah-KOT-oh-mee,ˌθɔːrəˈkɑtəmi,clinical,HURTS
sternotomy,ster-NOT-oh-mee,stɜːrˈnɑtəmi,clinical,HURTS
laparotomy,lap-ah-ROT-oh-mee,ˌlæpəˈrɑtəmi,clinical,HURTS
celiotomy,see-lee-OT-oh-mee,ˌsiːliˈɑtəmi,clinical,HURTS
arthroscopy,ar-THROS-koh-pee,ɑːrˈθrɑskəpi,clinical,WASH
bronchoscopy,brong-KOS-koh-pee,brɑŋˈkɑskəpi,clinical,WASH
colonoscopy,KOH-lon-OS-koh-pee,ˌkoʊləˈnɑskəpi,clinical,HURTS
endoscopy,en-DOS-koh-pee,ɛnˈdɑskəpi,clinical,HELPS
gastroscopy,gas-TROS-koh-pee,ɡæˈstrɑskəpi,clinical,WASH
sigmoidoscopy,sig-moy-DOS-koh-pee,ˌsɪɡmɔɪˈdɑskəpi,clinical,WASH
cystoscopy,sis-TOS-koh-pee,sɪˈstɑskəpi,clinical,HURTS
colposcopy,kol-POS-koh-pee,kɑlˈpɑskəpi,clinical,HURTS
hysteroscopy,his-ter-OS-koh-pee,ˌhɪstəˈrɑskəpi,clinical,HURTS
laparoscopy,lap-ah-ROS-koh-pee,ˌlæpəˈrɑskəpi,clinical,HURTS
thoracoscopy,thor-ah-KOS-koh-pee,ˌθɔːrəˈkɑskəpi,clinical,HURTS
mediastinoscopy,MEE-dee-ah-stih-NOS-koh-pee,ˌmiːdiˌæstəˈnɑskəpi,clinical,HURTS
arthroplasty,AR-throh-plas-tee,ˈɑːrθroʊˌplæsti,clinical,WASH
osteotomy,os-tee-OT-oh-mee,ˌɑːstiˈɑtəmi,clinical,WASH
craniotomy,KRAY-nee-OT-oh-mee,ˌkreɪniˈɑtəmi,clinical,HURTS
laminectomy,lam-ih-NEK-toh-mee,ˌlæməˈnɛktəmi,clinical,HURTS
discectomy,dis-EK-toh-mee,dɪˈskɛktəmi,clinical,HURTS
rhizotomy,ry-ZOT-oh-mee,raɪˈzɑtəmi,clinical,WASH
neurectomy,nyoo-REK-toh-mee,nʊˈrɛktəmi,clinical,WASH
sympathectomy,sim-pah-THEK-toh-mee,ˌsɪmpəˈθɛktəmi,clinical,WASH
vagotomy,vay-GOT-oh-mee,veɪˈɡɑtəmi,clinical,HURTS
epithelium,eh-pih-THEE-lee-um,ˌɛpəˈθiliəm,anatomical,HURTS
endothelium,en-doh-THEE-lee-um,ˌɛndoʊˈθiliəm,anatomical,WASH
mesothelium,meh-zoh-THEE-lee-um,ˌmɛzoʊˈθiliəm,anatomical,HURTS
stratum corneum,STRAY-tum KOR-nee-um,ˈstreɪtəm ˈkɔrniəm,anatomical,HURTS
dermis,DER-mis,ˈdɜrmɪs,anatomical,WASH
epidermis,eh-pih-DER-mis,ˌɛpɪˈdɜrmɪs,anatomical,HURTS
hypodermis,hy-poh-DER-mis,ˌhaɪpoʊˈdɜrmɪs,anatomical,HURTS
subcutaneous,sub-kyoo-TAY-nee-us,ˌsʌbkjuˈteɪniəs,anatomical,HURTS
fascia,FAH-shah,ˈfæʃiə,anatomical,WASH
ligament,LIH-gah-ment,ˈlɪɡəmənt,anatomical,WASH
tendon,TEN-dun,ˈtɛndən,anatomical,WASH
aponeurosis,ap-oh-noo-ROH-sis,ˌæpənʊˈroʊsɪs,anatomical,HURTS
bursa,BER-sah,ˈbɜrsə,anatomical,WASH
meniscus,meh-NIS-kus,məˈnɪskəs,anatomical,WASH
cartilage,KAR-tih-lij,ˈkɑrtəlɪdʒ,anatomical,HURTS
periosteum,per-ee-OS-tee-um,ˌpɛriˈɑstiəm,anatomical,HURTS
endosteum,en-DOS-tee-um,ɛnˈdɑstiəm,anatomical,WASH
diaphysis,dy-AF-ih-sis,daɪˈæfəsɪs,anatomical,HURTS
epiphysis,eh-PIF-ih-sis,ɪˈpɪfəsɪs,anatomical,WASH
metaphysis,meh-TAF-ih-sis,məˈtæfəsɪs,anatomical,WASH
physis,FY-sis,ˈfɪsɪs,anatomical,HURTS
symphysis,SIM-fih-sis,ˈsɪmfəsɪs,anatomical,WASH
synovium,sih-NOH-vee-um,sɪˈnoʊviəm,anatomical,HURTS
synovia,sih-NOH-vee-ah,sɪˈnoʊviə,anatomical,HURTS
sutura,soo-TOO-rah,suˈtʊrə,anatomical,HURTS
fontanelle,fon-tah-NEL,ˌfɑntəˈnɛl,anatomical,WASH
myocardium,my-oh-KAR-dee-um,ˌmaɪoʊˈkɑrdiəm,anatomical,HURTS
epicardium,eh-pih-KAR-dee-um,ˌɛpɪˈkɑrdiəm,anatomical,HURTS
pericardium,per-ih-KAR-dee-um,ˌpɛrɪˈkɑrdiəm,anatomical,WASH
endocardium,en-doh-KAR-dee-um,ˌɛndoʊˈkɑrdiəm,anatomical,HURTS
intima,IN-tih-mah,ˈɪntɪmə,anatomical,HURTS
media,MEH-dee-ah,ˈmiːdiə,anatomical,WASH
adventitia,ad-ven-TISH-ah,ˌædvɛnˈtɪʃə,anatomical,HURTS
tunica,TOO-nih-kah,ˈtuːnɪkə,anatomical,HURTS
parenchyma,pah-REN-kih-mah,pəˈrɛŋkɪmə,anatomical,HURTS
stroma,STROH-mah,ˈstroʊmə,anatomical,WASH
septum,SEP-tum,ˈsɛptəm,anatomical,WASH
septa,SEP-tah,ˈsɛptə,anatomical,WASH
trabecula,trah-BEK-yoo-lah,trəˈbɛkjələ,anatomical,WASH
hilum,HY-lum,ˈhaɪləm,anatomical,HURTS
hilus,HY-lus,ˈhaɪləs,anatomical,HURTS
sulcus,SUL-kus,ˈsʌlkəs,anatomical,WASH
gyrus,JY-rus,ˈdʒaɪrəs,anatomical,WASH
cortex,KOR-teks,ˈkɔrtɛks,anatomical,WASH
medulla,meh-DOOL-ah,məˈdʌlə,anatomical,HURTS
capsule,KAP-sool,ˈkæpsəl,anatomical,WASH
lobe,LOHB,loʊb,anatomical,WASH
lobule,LOB-yool,ˈlɑbjul,anatomical,WASH
acinus,AS-ih-nus,ˈæsɪnəs,anatomical,HURTS
alveolus,al-VEE-oh-lus,ælˈviələs,anatomical,WASH
glomerulus,gloh-MER-yoo-lus,ɡloʊˈmɛrjələs,anatomical,WASH
nephron,NEF-ron,ˈnɛfrɑn,anatomical,WASH
tubule,TOOB-yool,ˈtubjul,anatomical,WASH
ductule,DUK-tool,ˈdʌktʃul,anatomical,WASH
ductus,DUK-tus,ˈdʌktəs,anatomical,WASH
vas deferens,vas DEF-er-enz,væs dɛfərɛnz,anatomical,HURTS
epididymis,ep-ih-DID-ih-mis,ˌɛpɪˈdɪdɪmɪs,anatomical,WASH
fimbria,FIM-bree-ah,ˈfɪmbriə,anatomical,WASH
fornix,FOR-niks,ˈfɔrnɪks,anatomical,HELPS
mesentery,MEZ-en-ter-ee,ˈmɛzənˌtɛri,anatomical,WASH
omentum,oh-MEN-tum,oʊˈmɛntəm,anatomical,WASH
peritoneum,per-ih-toh-NEE-um,ˌpɛrɪtəˈniəm,anatomical,HURTS
retroperitoneum,REH-troh-per-ih-toh-NEE-um,ˌrɛtroʊˌpɛrɪtəˈniəm,anatomical,HURTS
mesocolon,MEZ-oh-KOH-lon,ˌmɛzəˈkoʊlən,anatomical,WASH
haustra,HAW-strah,ˈhɔstrə,anatomical,HURTS
plicae,PLY-see,ˈplaɪsi,anatomical,WASH
rugae,ROO-jee,ˈrudiʒi,anatomical,HURTS
villi,VIL-eye,ˈvɪlaɪ,anatomical,WASH
microvilli,MY-kroh-VIL-eye,ˌmaɪkroʊˈvɪlaɪ,anatomical,WASH
cryptae,KRIP-tee,ˈkrɪpti,anatomical,HELPS
pylorus,py-LOR-us,paɪˈlɔrəs,anatomical,WASH
cardia,KAR-dee-ah,ˈkɑrdiə,anatomical,HURTS
fundus,FUN-dus,ˈfʌndəs,anatomical,WASH
antrum,AN-trum,ˈæntrəm,anatomical,WASH
duodenum,doo-oh-DEE-num,ˌduəˈdinəm,anatomical,WASH
jejunum,jeh-JOO-num,dʒəˈdʒunəm,anatomical,HURTS
ileum,IL-ee-um,ˈɪliəm,anatomical,HURTS
cecum,SEE-kum,ˈsikəm,anatomical,WASH
vermiform,VER-mih-form,ˈvɜrmɪfɔrm,anatomical,WASH
appendix,ah-PEN-diks,əˈpɛndɪks,anatomical,WASH
sigmoid,SIG-moyd,ˈsɪɡmɔɪd,anatomical,WASH
rectum,REK-tum,ˈrɛktəm,anatomical,WASH
anus,AY-nus,ˈeɪnəs,anatomical,HURTS
sphincter,SFINK-ter,ˈsfɪŋktər,anatomical,HURTS
papilla,pah-PIL-ah,pəˈpɪlə,anatomical,WASH
ampulla,am-POOL-ah,æmˈpʊlə,anatomical,WASH
cholecyst,KOH-leh-sist,ˈkoʊləsɪst,anatomical,HELPS
choledochus,koh-LED-oh-kus,kəˈlɛdəkəs,anatomical,HURTS
pancreas,PAN-kree-as,ˈpæŋkriəs,anatomical,WASH
islets,EYE-lets,ˈaɪlɪts,anatomical,HELPS
acini,AS-ih-nye,ˈæsɪnaɪ,anatomical,HELPS
centrilobular,sen-trih-LOB-yoo-lar,ˌsɛntrɪˈlɑbjələr,anatomical,HELPS
periportal,per-ih-POR-tal,ˌpɛrɪˈpɔrtəl,anatomical,HURTS
sinusoids,SIN-yoo-soydz,ˈsɪnjəsɔɪdz,anatomical,HURTS
Kupffer,KOOP-fer,ˈkʊfər,anatomical,WASH
space of Disse,spays of DIS,speɪs əv dɪs,anatomical,WASH
canaliculi,kan-ah-LIK-yoo-lye,ˌkænəˈlɪkjəlaɪ,anatomical,HURTS
falciform,FAL-sih-form,ˈfælsɪfɔrm,anatomical,HELPS
ligamentum teres,lig-ah-MEN-tum TER-eez,ˌlɪɡəˈmɛntəm ˈtɛriz,anatomical,HURTS
ligamentum venosum,lig-ah-MEN-tum veh-NOH-sum,ˌlɪɡəˈmɛntəm vɪˈnoʊsəm,anatomical,WASH
porta hepatis,POR-tah heh-PAT-is,ˈpɔrtə ˈhɛpətɪs,anatomical,HURTS
coronary,KOR-ah-nair-ee,ˈkɔrənɛri,anatomical,HURTS
circumflex,SER-kum-fleks,ˈsɜrkəmflɛks,anatomical,WASH
interventricular,in-ter-ven-TRIK-yoo-lar,ˌɪntərvɛnˈtrɪkjələr,anatomical,WASH
interventricular septum,in-ter-ven-TRIK-yoo-lar SEP-tum,ˌɪntərvɛnˈtrɪkjələr ˈsɛptəm,anatomical,HELPS
papillary muscle,PAP-ih-lair-ee MUS-el,ˈpæpɪlɛri ˈmʌsəl,anatomical,HURTS
chordae tendineae,KOR-dee ten-DIN-ee-ee,ˈkɔrdi tɛnˈdɪnii,anatomical,HURTS
valve,valv,vælv,anatomical,UNMEASURED
leaflet,LEEF-let,ˈlifət,anatomical,WASH
cusp,kusp,kʌsp,anatomical,UNMEASURED
semilunar,sem-ee-LOO-nar,ˌsɛmiˈlunər,anatomical,WASH
atrioventricular,ay-tree-oh-ven-TRIK-yoo-lar,ˌeɪtrioʊvɛnˈtrɪkjələr,anatomical,WASH
ventricular,ven-TRIK-yoo-lar,vɛnˈtrɪkjələr,anatomical,WASH
sinoatrial,sigh-noh-AY-tree-al,ˌsaɪnoʊˈeɪtriəl,anatomical,HURTS
coronary sinus,KOR-ah-nair-ee SIGH-nus,ˈkɔrənɛri ˈsaɪnəs,anatomical,HURTS
vena cava,VEE-nah KAY-vah,ˈvinə ˈkeɪvə,anatomical,HURTS
pulmonary trunk,PUL-mah-nair-ee trunk,ˈpʊlmənɛri trʌŋk,anatomical,HURTS
aorta,ay-OR-tah,eɪˈɔrtə,anatomical,HURTS
carotid,kah-ROT-id,kəˈrɑtɪd,anatomical,WASH
subclavian,sub-KLAY-vee-an,sʌbˈkleɪviən,anatomical,WASH
vertebral,VER-teh-bral,ˈvɝːtəbrəl,anatomical,WASH
basilar,BAS-ih-lar,ˈbæsɪlɚ,anatomical,WASH
circle of Willis,SER-kul of WIL-is,ˈsɝːkəl əv ˈwɪlɪs,anatomical,WASH
meninges,men-IN-jeez,məˈnɪndʒiːz,anatomical,HURTS
dura mater,DUR-ah MAH-ter,ˈdʊrə ˈmeɪtɚ,anatomical,HURTS
arachnoid,ah-RAK-noyd,əˈræknɔɪd,anatomical,WASH
pia mater,PEE-ah MAH-ter,ˈpiːə ˈmeɪtɚ,anatomical,HURTS
subdural,sub-DUR-al,sʌbˈdʊrəl,anatomical,HURTS
subarachnoid,sub-ah-RAK-noyd,ˌsʌbəˈræknɔɪd,anatomical,WASH
epidural,ep-ih-DUR-al,ˌɛpɪˈdʊrəl,anatomical,HURTS
ventricles,VEN-trih-kulz,ˈvɛntrɪkəlz,anatomical,HURTS
foramina,fo-RAM-ih-nah,fəˈræmɪnə,anatomical,HELPS
aqueduct,AK-weh-dukt,ˈækwɪdʌkt,anatomical,HURTS
choroid plexus,KOR-oyd PLEK-sus,ˈkɔːrɔɪd ˈplɛksəs,anatomical,WASH
cauda equina,KAW-dah eh-KWY-nah,ˈkɔːdə ɪˈkwaɪnə,anatomical,HURTS
filum terminale,FY-lum ter-mih-NAH-lee,ˈfaɪləm ˌtɝːmɪˈnɑːli,anatomical,WASH
conus medullaris,KOH-nus med-yoo-LAR-is,ˈkoʊnəs ˌmɛdʒəˈlɛrɪs,anatomical,WASH
dorsal root,DOR-sal ROOT,ˈdɔːrsəl ruːt,anatomical,WASH
ventral root,VEN-tral ROOT,ˈvɛntrəl ruːt,anatomical,WASH
ganglion,GANG-glee-on,ˈɡæŋɡliən,anatomical,HELPS
plexus,PLEK-sus,ˈplɛksəs,anatomical,WASH
phrenic,FREN-ik,ˈfrɛnɪk,anatomical,WASH
vagus,VAY-gus,ˈveɪɡəs,anatomical,WASH
recurrent laryngeal,ree-KUR-ent lar-IN-jee-al,rɪˈkɝːənt ləˈrɪndʒiəl,anatomical,HURTS
facial,FAY-shal,ˈfeɪʃəl,anatomical,HELPS
vestibulocochlear,ves-TIB-yoo-loh-KOK-lee-ar,vɛsˌtɪbjəloʊˈkoʊkliɚ,anatomical,WASH
glossopharyngeal,GLOS-oh-fah-RIN-jee-al,ˌɡlɑːsoʊfəˈrɪndʒiəl,anatomical,HURTS
hypoglossal,HY-poh-GLOS-al,ˌhaɪpəˈɡlɑːsəl,anatomical,WASH
accessory,ak-SES-oh-ree,əkˈsɛsəri,anatomical,WASH
oculomotor,OK-yoo-loh-MOH-tor,ˌɑːkjəloʊˈmoʊtɚ,anatomical,WASH
trochlear,TROK-lee-ar,ˈtroʊkliər,anatomical,WASH
abducens,ab-DOO-senz,æbˈdjuːsənz,anatomical,WASH
angina,angina,ænˈdʒaɪnə,clinical,WASH
diabetes mellitus,diabetes mellitus,ˌdaɪəˈbitɪz ˈmɛlɪtəs,clinical,WASH
epinephrine,epinephrine,ˌɛpɪˈnɛfrɪn,drug,WASH
hyperlipidemia,hyperlipidemia,ˌhaɪpərˌlɪpɪˈdimiə,clinical,WASH
naloxone,naloxone,nəˈlɑksoʊn,drug,WASH
osteoarthritis,osteoarthritis,ˌɑstioʊɑrˈθraɪtɪs,clinical,WASH
